query,id,published,likes,replies,content,author_title,author_image,author_channel,author_is_verified,author_is_creator,author_is_artist
https://www.youtube.com/watch?v=PQ2WjtaPfXU,UgwKcCy-7V2DNZOz_H54AaABAg,5 hours ago (edited),171,8,"If you're sick of writing broken code, read this blog post and get 3 months of Sentry for free https://bit.ly/3Fs19Oj",@Fireship,https://yt3.ggpht.com/ytc/AIdro_mKzklyPPhghBJQH5H3HpZ108YcE618DBRLAvRUD1AjKNw=s88-c-k-c0x00ffffff-no-rj,https://www.youtube.com/channel/UCsBjURrPoezykLs9EqgamOA,TRUE,TRUE,FALSE
https://www.youtube.com/watch?v=PQ2WjtaPfXU,UgxO6d2Vl4CL2-NIkeV4AaABAg,5 hours ago,2.6K,19,having my TS code fail faster is a huge improvement,@sloth19938,https://yt3.ggpht.com/xJ1QJRPpJmW5gL0xtu6KLLq9WrrpLuuIzARNDXo6MbRIJGz-wXgvgxP31WALk5yzM-x6iGBh7g=s88-c-k-c0x00ffffff-no-rj,https://www.youtube.com/channel/UCORxmqCKr1XwC9NQGSKZqQQ,FALSE,FALSE,FALSE
https://www.youtube.com/watch?v=PQ2WjtaPfXU,Ugwsi2VyUNtSUSJ0W9B4AaABAg,5 hours ago,1.6K,18,"i absolutely loved their announcement video, completely technical, made by a technical person without any marketing ""approval"".",@pu239,https://yt3.ggpht.com/OO8QJCj4PcyMtsNYzQvcYlNnzOpZ0HaoTkvn4GehBYptOC1hR1IN9PPQXsYLh3aVgHQ3Penu6w=s88-c-k-c0x00ffffff-no-rj,https://www.youtube.com/channel/UCOowuS0pAofwHa47Z11-9zw,FALSE,FALSE,FALSE
https://www.youtube.com/watch?v=PQ2WjtaPfXU,UgwpjV6qUozWsXAypkx4AaABAg,5 hours ago,2.4K,20,New fireship video!!! And its not AI ü§Ø,@JordyDevrixOfficial,https://yt3.ggpht.com/bSqukfUqkgtbQjMqfyS3413naZMUGSoOCSlernD90vJ1nzh5sPArd4KGO7e2rSErXVrLnjEOeg=s88-c-k-c0x00ffffff-no-rj,https://www.youtube.com/channel/UCVRspdDyYr9lTNLat49EgTg,FALSE,FALSE,TRUE
https://www.youtube.com/watch?v=PQ2WjtaPfXU,UgyYYOWUVGxPsqttnFN4AaABAg,5 hours ago (edited),501,4,"The ""I will just wait for the Fireship video"" mentality is so real. At this point, I don‚Äôt even bother with tech announcements‚ÄîI just wait for Fireship to serve up a summarized, no-BS version on a silver platter. Haha, too accurate. üòÇ",@hlexnc,https://yt3.ggpht.com/dr99mTyqVjpAGZe2GiJRrWKcI-hJyx5iA2lR-2wkz4jNQ-dysvd0Z1S6l_Ui5Jo-gyZI2fwA=s88-c-k-c0x00ffffff-no-rj,https://www.youtube.com/channel/UCqb0DFe5TlgwRa38A6mBFBA,FALSE,FALSE,FALSE
https://www.youtube.com/watch?v=PQ2WjtaPfXU,Ugw1PvdzVnZFntM-3ZR4AaABAg,5 hours ago,826,8,Sponsoring Fireship's videos at this point is like running an ad at the Super Bowl.,@Sohailkhan2001,https://yt3.ggpht.com/ytc/AIdro_kn_R17PFgWKi1kHjy-ZycHS0O8t4W-2LiNEXLPRzb17aU=s88-c-k-c0x00ffffff-no-rj,https://www.youtube.com/channel/UCNhetUWjCK9muUv9Dtq6C-g,FALSE,FALSE,FALSE
https://www.youtube.com/watch?v=PQ2WjtaPfXU,UgxUFfdgCMcTcRrWjD94AaABAg,4 hours ago,126,1,I see a future where tech companies will hire Fireship to do their announcement directly,@BackTiVi,https://yt3.ggpht.com/ytc/AIdro_kLqlpAcIDPlzqnMlV4Vy46z2xf6pO1krgfV-DkpyfYzhs=s88-c-k-c0x00ffffff-no-rj,https://www.youtube.com/channel/UCmR5_vRv-ZvrQE1HH04LjBQ,FALSE,FALSE,FALSE
https://www.youtube.com/watch?v=PQ2WjtaPfXU,UgxrxATyL-W0JmMh10x4AaABAg,5 hours ago,804,13,"Actually one of the top comments on microsofts video is ""Can't wait for the firesihp video""",@michaelwesolek,https://yt3.ggpht.com/ytc/AIdro_nZvI9QXh7qwUOsYHcakORu8Szcp-mlP6mXFR0uqXA=s88-c-k-c0x00ffffff-no-rj,https://www.youtube.com/channel/UCjsg4LLIEQAbZgMCWg7zKHA,FALSE,FALSE,FALSE
https://www.youtube.com/watch?v=PQ2WjtaPfXU,UgyO6Cd6JZ0VTT65uJZ4AaABAg,5 hours ago,339,5,It is not a news if there isn't a Fireship video about it,@Willyan_Antunes,https://yt3.ggpht.com/ytc/AIdro_nut-Jq1wcBzXZblTG8--QDa5NoXIhjjoWoYx_P0lQ=s88-c-k-c0x00ffffff-no-rj,https://www.youtube.com/channel/UCmmceaTEQacbLyNEOGkvIkA,FALSE,FALSE,FALSE
https://www.youtube.com/watch?v=PQ2WjtaPfXU,UgzWFWuuvwtP_TN69zB4AaABAg,4 hours ago,58,14,"C# can actually be compiled to native executables with Native AOT, but yeah, their reasoning was for portability.",@Ke5o,https://yt3.ggpht.com/ytc/AIdro_nUAyahVqxu2n8_iMaOhhdxB4hh41phSw5xaZGDWrFNeNs=s88-c-k-c0x00ffffff-no-rj,https://www.youtube.com/channel/UCqB87y4RPQyRUOw6-p3I0lQ,FALSE,FALSE,FALSE
https://www.youtube.com/watch?v=PQ2WjtaPfXU,Ugz6fdvPOG02Nh_RaqF4AaABAg,4 hours ago,102,3,"If you listen closely, you can hear Steve Ballmer screaming ""First they took my Windows Phone, now THIS?!""",@DataIsBeautifulOfficial,https://yt3.ggpht.com/ytc/AIdro_k3KDRXpBsQd1Ydu-jSRMqFreuBQ4gVLF6tlxRy1o_p2g=s88-c-k-c0x00ffffff-no-rj,https://www.youtube.com/channel/UCkWbqlDAyJh2n8DN5X6NZyg,TRUE,FALSE,FALSE
https://www.youtube.com/watch?v=PQ2WjtaPfXU,UgyFkW8LDD5vPV6PjNB4AaABAg,3 hours ago,14,,2:34 probably the best and easy to understand explanation of pointers I have ever seen. Bravo.,@mohammadsadeghlavaie5560,https://yt3.ggpht.com/ytc/AIdro_mXd6J4cwn3158_DOzV3r0LEExEJ6gmc_1DmYBPQw8=s88-c-k-c0x00ffffff-no-rj,https://www.youtube.com/channel/UCsqF2cRphuVlItg1rvr5tfQ,FALSE,FALSE,FALSE
https://www.youtube.com/watch?v=PQ2WjtaPfXU,UgyL1zlnJXQNED8iMk14AaABAg,5 hours ago,70,1,I didn't quit my job after watching a Fireship video üéâ,@trueberryless,https://yt3.ggpht.com/Cw-RjOmPgmYlWxQDn3OorU7fz2UOyiocLL9tsrRxhMeu0rLwVKNTlRoAWTThAw6_axk7GO5Geg=s88-c-k-c0x00ffffff-no-rj,https://www.youtube.com/channel/UCQe3FF-z3siYhcaOA0M4Wng,FALSE,FALSE,FALSE
https://www.youtube.com/watch?v=PQ2WjtaPfXU,UgwQM4mVITQIMLZOHIJ4AaABAg,5 hours ago,253,7,there we go.,@4w0ken,https://yt3.ggpht.com/ytc/AIdro_lL4j4GQ68UFERzQNl-rRs14TRP8q3YWOcfBGn7_HGMYHY=s88-c-k-c0x00ffffff-no-rj,https://www.youtube.com/channel/UC9bj7I_FkVOMpsEl6KzqWlw,FALSE,FALSE,FALSE
https://www.youtube.com/watch?v=PQ2WjtaPfXU,Ugw4ChpJeDLiaMTq_AR4AaABAg,2 hours ago,13,,"0:36 almost had me there, robot boy.",@kasper7194,https://yt3.ggpht.com/ytc/AIdro_mZRNSubVWk_sJVgiXLVgHwQgAt8oyRqKXTPUbVuqw=s88-c-k-c0x00ffffff-no-rj,https://www.youtube.com/channel/UCbRI_rDCfUxufnLTEcDDz8w,FALSE,FALSE,FALSE
https://www.youtube.com/watch?v=PQ2WjtaPfXU,UgwT9XRnS9rEK-nM0z94AaABAg,5 hours ago,86,1,"""All your errors will happen but 10x faster"" LOL! üòÇ",@SarmadKhalique,https://yt3.ggpht.com/Pr8Z2LLJhBwDInHJtzNW3K1tyC_WCUxySPWmqgkX5bcm3qNHznywStQm2T0DBuUAqsETASxQR7o=s88-c-k-c0x00ffffff-no-rj,https://www.youtube.com/channel/UCjfX0IfDsW4JmSyLmVtLOVA,FALSE,FALSE,FALSE
https://www.youtube.com/watch?v=PQ2WjtaPfXU,UgxHOCSLG1xcZJVgn4t4AaABAg,4 hours ago,24,1,2:56 music to my ears ü§†,@gariklaw,https://yt3.ggpht.com/ytc/AIdro_lckbstBgcs3KZEueMXOaCprlGF-jTVXSj2X-Xz2ZY5WTBj=s88-c-k-c0x00ffffff-no-rj,https://www.youtube.com/channel/UCjQzwuTgQub0_w2MCk00rag,FALSE,FALSE,FALSE
https://www.youtube.com/watch?v=PQ2WjtaPfXU,UgzeGlwSMSu8OpW4KIh4AaABAg,5 hours ago,79,10,That guy that just ran doom inside of typescript types must be fuming...,@mathijsfrank9268,https://yt3.ggpht.com/ytc/AIdro_k1Jc0qKgdUAsXjKGqPMAmmtZqELk4yZ-8SX40S3z0=s88-c-k-c0x00ffffff-no-rj,https://www.youtube.com/channel/UCkDW6G3d3Hx28LfKFpfXugQ,FALSE,FALSE,FALSE
https://www.youtube.com/watch?v=PQ2WjtaPfXU,UgxUjQkqe-qcJiqRh614AaABAg,4 hours ago,32,2,"1:02 Now I'm gonna post ""Let me wait for the fireship video"" under these tech announcements even harder",@towb0at,https://yt3.ggpht.com/ytc/AIdro_kiYg7uPETMIF4pBS4Fh48p-mFTHaDzC6_Ij2i27J8uGAw=s88-c-k-c0x00ffffff-no-rj,https://www.youtube.com/channel/UCaETgLPvHTB50_ul31BwmiQ,FALSE,FALSE,FALSE
https://www.youtube.com/watch?v=PQ2WjtaPfXU,Ugwrb1cWg_kDyVcKNPZ4AaABAg,4 hours ago,11,,"Typescript only reached a critical mass when it was adopted by Angular (which was a Google project). Besides the technical rationale, perhaps this played a role.",@tommyskjei5944,https://yt3.ggpht.com/ytc/AIdro_nV_QMo0vTl0dJw1s7sqzG11bot1CMIWQhDceTC2uBXANrf=s88-c-k-c0x00ffffff-no-rj,https://www.youtube.com/channel/UCFQhohrmA_t9vMYJknHcZlw,FALSE,FALSE,FALSE
https://www.youtube.com/watch?v=PQ2WjtaPfXU,UgxJk5_J-vwGeNfgohR4AaABAg,5 hours ago,11,3,"tbh, the most amazing thing to come out of this to me was discovering VSCode is 1.5 million lines of code. That's insane.",@Fangornmmc,https://yt3.ggpht.com/ytc/AIdro_m3cKJ5rMtHa5DVbF9nQh-_nzdUe2dWPx5OyafZ31I=s88-c-k-c0x00ffffff-no-rj,https://www.youtube.com/channel/UChFj6qyNPRfheoDGPZHSIDg,FALSE,FALSE,FALSE
https://www.youtube.com/watch?v=PQ2WjtaPfXU,UgzPYD_1Wi2IlEX4wPZ4AaABAg,5 hours ago,109,3,"Love that Go is back to the business (it was already in the business, but heavily underutilized)",@parsahosseini4241,https://yt3.ggpht.com/ytc/AIdro_mmxkz4b_ZxvNptjt0QTWU9518SqZ9gohI23DaUoGljQqs=s88-c-k-c0x00ffffff-no-rj,https://www.youtube.com/channel/UCjwNcVD5ogd5Gy9gnciQQTg,FALSE,FALSE,FALSE
https://www.youtube.com/watch?v=PQ2WjtaPfXU,Ugw5rhoFgNBpeDXqt3Z4AaABAg,5 hours ago,16,,Yup! We've waited for the Fireship video,@phantasyphotography3813,https://yt3.ggpht.com/ytc/AIdro_lEwsCAw_sLn5pkdkL51oeJI4dxGWG16TQyuJhCQyyewA=s88-c-k-c0x00ffffff-no-rj,https://www.youtube.com/channel/UCMLfHtEZYmW0ZatuCuAX3dQ,FALSE,FALSE,FALSE
https://www.youtube.com/watch?v=PQ2WjtaPfXU,Ugy8pSr1Iti2zur5-Sx4AaABAg,5 hours ago,50,11,c# is also compiled to native code with aot,@jmpjns,https://yt3.ggpht.com/fmKMLs6IPFWlXs_s0sI-PrniWDZb6ctZBTv0R30DObLHlXzlWWvP8s2NtBWzl_L8TT5TRw4Wcw=s88-c-k-c0x00ffffff-no-rj,https://www.youtube.com/channel/UCFdPLcYwwc3ASB9658Tbr2g,FALSE,FALSE,FALSE
https://www.youtube.com/watch?v=PQ2WjtaPfXU,UgwV7OXQ9QrTg5Z4PDN4AaABAg,3 hours ago,9,1,Happy 50th Anniversary of Microsoft!,@inzaghiposumaalkahfi9650,https://yt3.ggpht.com/ytc/AIdro_lyIccOMi7KE0VTOpVM9KFPoi97qBT8p_exmYnwhkI=s88-c-k-c0x00ffffff-no-rj,https://www.youtube.com/channel/UCnJevl-xdTBTztQC8fu3Lpg,FALSE,FALSE,FALSE
https://www.youtube.com/watch?v=PQ2WjtaPfXU,UgzhAGbc3zank3afyxl4AaABAg,29 minutes ago,2,,0:32 LUA MENTIONED GRAHH,@wayyllonn,https://yt3.ggpht.com/_cpV7HcvlmvIqykWAM0MiXPJXnFkyL2OZG6mD1JkzY3SUwFvzh5naq3i-eSkwkaFywThkT86hw=s88-c-k-c0x00ffffff-no-rj,https://www.youtube.com/channel/UCaIhh_Wz6hu8AY6ylM3VfZg,FALSE,FALSE,FALSE
https://www.youtube.com/watch?v=PQ2WjtaPfXU,UgwBZmhfHbEtZY8buKB4AaABAg,5 hours ago,78,2,Go: ‚ÄúI‚Äôm just better‚Äù,@temperkan3727,https://yt3.ggpht.com/ytc/AIdro_m_u8q8PQuuwasnsvA6HcWNnQOy4E9IknxOF4z5Hkt3CXWlTAE0MiksI9oF40grXAO5Ow=s88-c-k-c0x00ffffff-no-rj,https://www.youtube.com/channel/UCqW5er-cKIytYOsrw0WqlDw,FALSE,FALSE,FALSE
https://www.youtube.com/watch?v=PQ2WjtaPfXU,UgzMZSR9qKyxSTtPWXl4AaABAg,46 minutes ago,2,,I will just wait for the fireship video.,@GZPlays_uno,https://yt3.ggpht.com/4JWE8VILneoqy_3gDuOz_4Tarr0bC3rcGw7uoOiK03RKfdjxBb23n4XrrV9SH_XxLGtD1DhzjQ=s88-c-k-c0x00ffffff-no-rj,https://www.youtube.com/channel/UCBFjiZYHDDbA4M6tOR9bdYg,FALSE,FALSE,FALSE
https://www.youtube.com/watch?v=PQ2WjtaPfXU,Ugx134ktnRWU1MdnO6p4AaABAg,4 hours ago,4,,in my 20 years of youtube i have NEVER seen anyone so confident that they end with an AD,@Opeyemi.sanusi,https://yt3.ggpht.com/ytc/AIdro_kypqbzh1Zixy37nX4z3IaTdiDVmnL9kX_DKIMGt1EhNtQ=s88-c-k-c0x00ffffff-no-rj,https://www.youtube.com/channel/UCwoPEDSiBxkLcdVoOXfWpQA,FALSE,FALSE,FALSE
https://www.youtube.com/watch?v=PQ2WjtaPfXU,UgzHvO2QxzXk5Pq7z514AaABAg,3 hours ago,3,,"This guy does everything right 1.5x speech 
4 min video length 
great name fireship",@HeyMr.OO7,https://yt3.ggpht.com/NBk6_YGu6nxdzRpCLw9xa5eBunNlO2aQuyCPVuSTxBYpauFMIcWYXH9UtyXLR5ZY8OVTmATN=s88-c-k-c0x00ffffff-no-rj,https://www.youtube.com/channel/UC1SQKGjdtcFbbocuEKRC6kg,FALSE,FALSE,FALSE
https://www.youtube.com/watch?v=PQ2WjtaPfXU,UgySYYJY0bes-7MZB_h4AaABAg,4 hours ago,1K,23,there we go. Elons Xaitonium next?,@LexClips1,https://yt3.ggpht.com/YryiCBWU0sugcdvNdmZK3ycTDJ0fTpkgt2qsZ29PXj4pGrFVo85RlR-osZw7Ty2F7zQD0ty7QNE=s88-c-k-c0x00ffffff-no-rj,https://www.youtube.com/channel/UCoctitugdcbMzbNpoAdw4ew,TRUE,FALSE,FALSE
https://www.youtube.com/watch?v=PQ2WjtaPfXU,Ugy5tXHYixl_sXdtYcF4AaABAg,15 minutes ago,1,,I saw the original video with a comment ‚Äúwaiting for the fireship video‚Äù - he has delivered!,@inowatchvideos,https://yt3.ggpht.com/VNQypMciMBmMFERfRJjdSlEYAg3uFOyBaeu6yy8WG7ckcldg0MX1Hw6FPWCfNcUVmXE5ItB6yj8=s88-c-k-c0x00ffffff-no-rj,https://www.youtube.com/channel/UCZq_aegDQhfLnLyQnCavjKg,FALSE,FALSE,FALSE
https://www.youtube.com/watch?v=PQ2WjtaPfXU,UgzrB3L-GE9_PG6o6dp4AaABAg,4 hours ago,4,1,"Golang is a perfectly fine language if you do NOT need modularity.  If you need to load and unload shared objects (DLL/.so files) then Go won't work.  At all.  It'll just crash when you go to unload loaded shared objects.  This is due to how Go coroutines function.  If you've ever wondered why Go binaries are single binary files, this is why.  For a transpiled language like Typescript, where it's of general irrelevance as a language because it still has to generate Javascript at the end of the day and most people use it as-is, rewriting it in Go is fine.",@privacyvalued4134,https://yt3.ggpht.com/ytc/AIdro_m9uwFLql7WqBGrtxirbuSSGe8jSRLNmr72jl5O1ic=s88-c-k-c0x00ffffff-no-rj,https://www.youtube.com/channel/UCqKdPG-NvUfmd_r9wgzTgCg,FALSE,FALSE,FALSE
https://www.youtube.com/watch?v=PQ2WjtaPfXU,UgwXoCtBDRkKgxNqw7N4AaABAg,11 minutes ago,1,,"I yesterday saw a comment ""I'll just wait for the Fireship video"" and today its there lmao. They did such a great job with this one.",@the_yamamoto,https://yt3.ggpht.com/YWD7PGG8wB8l_qi2fcRzAPz7OcaUVMC6dbc2Fy-lWDSJqRltBQfjQUeNTGZh4AekqmDfvemLdg=s88-c-k-c0x00ffffff-no-rj,https://www.youtube.com/channel/UCIN8QoNI6Ea-XLC4c9vC9Pw,FALSE,FALSE,FALSE
https://www.youtube.com/watch?v=PQ2WjtaPfXU,UgxtS6IFwmHq7gJ3h7l4AaABAg,4 hours ago,4,1,2:34 loved that image,@DavidGasperoni,https://yt3.ggpht.com/ytc/AIdro_nOYuWc9A-vPdEgS3mbVc0KRn7wr7KG-2SuwPRfzt9w1vvV=s88-c-k-c0x00ffffff-no-rj,https://www.youtube.com/channel/UCIEXFWhs0X0MkuZFTJw-BRA,FALSE,FALSE,FALSE
https://www.youtube.com/watch?v=PQ2WjtaPfXU,Ugzp2sp49PZbvaF-LLd4AaABAg,5 hours ago,18,2,Why did Microsoft dump you from Mvp?,@diabolesco,https://yt3.ggpht.com/GVtCl3vEoyLw2rsU_Lz7erGAuB0rDr_fHEcrnWxaBDchfyo_Pyd9znwXD6kiGarhVO5FTQXIrA=s88-c-k-c0x00ffffff-no-rj,https://www.youtube.com/channel/UCYG-w3D-Zq2fBf7qqAfG4Kg,FALSE,FALSE,FALSE
https://www.youtube.com/watch?v=PQ2WjtaPfXU,Ugw0Ah70CFk7SmY8swp4AaABAg,5 hours ago,39,4,Why was the compiler itself even written in TypeScript in the first place? The fact it was so inefficient is absurd. I don't know if Microsoft should be praised this much.,@TuxikCE,https://yt3.ggpht.com/Msa2oXef8v2CKGss7AqhdgUPnYJ5Fsg-s6safbFiNKTOyzH_jpy1bZTDq2j6dHEf5_hDfVbR=s88-c-k-c0x00ffffff-no-rj,https://www.youtube.com/channel/UCrpgtiwF2ZkZTPJG0TnEdGg,FALSE,FALSE,FALSE
https://www.youtube.com/watch?v=PQ2WjtaPfXU,UgyvV8olaUb4yDTdiqt4AaABAg,5 hours ago,73,3,0:43 üòÇ,@MelkeyDev,https://yt3.ggpht.com/wAzlQC-jooB_3OXbwM8rakwkHRIZH0_TEps7ryiBI9JADDKmb50sfIHQbKCgWH6BmP9r_d8JhQ=s88-c-k-c0x00ffffff-no-rj,https://www.youtube.com/channel/UC1Zfv1Zrp1q5lKgBomzOyCA,FALSE,FALSE,FALSE
https://www.youtube.com/watch?v=PQ2WjtaPfXU,UgxPnACqiMvBgq2x3AJ4AaABAg,5 hours ago,18,12,Doesn't C# have a native aot mode as well by now?,@marioschmidt1251,https://yt3.ggpht.com/ytc/AIdro_ldoSCv-BX0qn_NvwyO1_fV8P3wLI8WJdfBFwuod0M=s88-c-k-c0x00ffffff-no-rj,https://www.youtube.com/channel/UCjZckxqjRnBydp2F09__PmQ,FALSE,FALSE,FALSE
https://www.youtube.com/watch?v=PQ2WjtaPfXU,UgwP7-gA_HX0fIj6qAR4AaABAg,4 hours ago,6,1,1:08 ZDF MENTIONED üá©üá™üá©üá™üá©üá™üá©üá™üá©üá™üá©üá™üá©üá™DEUTSCHLANDüá©üá™üá©üá™üá©üá™üá©üá™üá©üá™üá©üá™ü¶Öü¶Öü¶Öü¶Öü¶Öü¶Öü¶Öü¶Ö,@floman3158,https://yt3.ggpht.com/lI3CSszalo6UaNJ982xy77mT-KWFMR9d11ILmtYrs3wJ-6FMG5XU8nEmsTWVMZkNhXA-xo_k=s88-c-k-c0x00ffffff-no-rj,https://www.youtube.com/channel/UCpVeVV1AW_tySpk4zJYtuqg,FALSE,FALSE,FALSE
https://www.youtube.com/watch?v=PQ2WjtaPfXU,UgzvD2TUm0KEbBZS5-54AaABAg,4 hours ago,16,4,"Next step, transpile typescript code to Go to make VSCode run 10x faster",@sknown,https://yt3.ggpht.com/ytc/AIdro_momCzWinqemrHVRkrALpkqOgWMuuCZmQETvZkxuCGOrH4d_knhnFbGxobnamVu-3gWDA=s88-c-k-c0x00ffffff-no-rj,https://www.youtube.com/channel/UCxXB5tak56kveav4pu3-j-g,FALSE,FALSE,FALSE
https://www.youtube.com/watch?v=PQ2WjtaPfXU,UgxDO9Pk37SezGzJcTF4AaABAg,4 hours ago,3,1,The one thing I worry about is how they mention that the new language server has less features and partly because they believe AI replaces some of those features. I think that's a huge misstep and mistake and it will backfire on them.,@mattymattffs,https://yt3.ggpht.com/ytc/AIdro_m2ZS5BY-3sWsXydE6PyvE0PZFDaWeJ3zvGLc9TYNQ=s88-c-k-c0x00ffffff-no-rj,https://www.youtube.com/channel/UCP5JblkmLarE8KOsf0UcH8A,FALSE,FALSE,FALSE
https://www.youtube.com/watch?v=PQ2WjtaPfXU,UgwyIP1fhY6-5x6006d4AaABAg,5 hours ago,20,,The original video is really worth the watch,@bionboy,https://yt3.ggpht.com/ytc/AIdro_lILIAWpE_L_NeqY81K1V_bya1Cwnqbe5nuRjJQCiN0JGli=s88-c-k-c0x00ffffff-no-rj,https://www.youtube.com/channel/UCFDiWEG2FQCvS0dKu9kbZiQ,FALSE,FALSE,FALSE
https://www.youtube.com/watch?v=PQ2WjtaPfXU,UgzUPeUUoliDTGzx0p54AaABAg,4 hours ago,2,,"not a fan of sponsors, but sentry is actually one of my favorite product used.",@ShivamSharmabtp,https://yt3.ggpht.com/ytc/AIdro_lDJyo7yGWHlxUX58UMjJRCZqcXWOXErg5rx5CYcT0c2Vg=s88-c-k-c0x00ffffff-no-rj,https://www.youtube.com/channel/UCc4NPw5wO2se0ARnY4cz3JA,FALSE,FALSE,FALSE
https://www.youtube.com/watch?v=PQ2WjtaPfXU,UgwEW6bw5X-Rsep8j314AaABAg,5 hours ago (edited),158,8,"A few seconds? Fell off.
It's a massive W because they didn't use Rust",@peacefuldeityspath,https://yt3.ggpht.com/I2ZqR4HYNnlg19DuexzxRgeQJB2arYvZYgFDrwxO6h7JJp8cnC6ej0y4bf2iIZRyAgW1myl5Tw=s88-c-k-c0x00ffffff-no-rj,https://www.youtube.com/channel/UCq72EnQkI8Gr-jA3ZtLfmVA,FALSE,FALSE,FALSE
https://www.youtube.com/watch?v=PQ2WjtaPfXU,UgxwZOLVn7i1uwTIq0F4AaABAg,1 hour ago,1,,It‚Äôs crazy how this book isn‚Äôt blowing up yet. The Hidden Codex of the Financial Alchemists on Bevelorus is packed with real gems.,@RameshN-fo3sw,https://yt3.ggpht.com/ytc/AIdro_nBiBza47xrVI22HQqbI5vVMSjOKCrypMV0wpODLhDTVe4Nl2G7EKpFmagMA2FW4bucAg=s88-c-k-c0x00ffffff-no-rj,https://www.youtube.com/channel/UC9Fv2izVQmrH1eVn1GWWMTg,FALSE,FALSE,FALSE
https://www.youtube.com/watch?v=PQ2WjtaPfXU,UgyXYQE6FFw1d-bYr2J4AaABAg,4 hours ago (edited),25,,"Yeah, this makes sense. Go is portable, open source, beautiful, extremely well crafted, fast and efficient. And with the recent adjunction of generics, it's closer to the TypeScript notation than ever. I guess that coding a TypeScript server in Go would not be a difficult task",@ThomasGodart,https://yt3.ggpht.com/ytc/AIdro_nsaYYw6yQfTGaiNvhywwhwq5u_c6nrPsviBcCVm1yVXafu=s88-c-k-c0x00ffffff-no-rj,https://www.youtube.com/channel/UCWZWDY1dSWBo_nTydRCOR-Q,FALSE,FALSE,FALSE
https://www.youtube.com/watch?v=PQ2WjtaPfXU,UgzCpDt7ZXSHiHOC6sV4AaABAg,4 hours ago,2,1,What sucks about this is that having TS written in TS allowed for unparalleled compatibility if you wanted to build something on top of the compiler. Is was really useful for static analysis and code generation,@HeWhoShamesNarwhals,https://yt3.ggpht.com/ytc/AIdro_n77lOMxrml0vQdl8dFHNojHauxqHhk583qMBZoj4E=s88-c-k-c0x00ffffff-no-rj,https://www.youtube.com/channel/UCiAAbncxHVpme1O9hGaOTNw,FALSE,FALSE,FALSE
https://www.youtube.com/watch?v=PQ2WjtaPfXU,UgyM85Q82JBUy1g9Q154AaABAg,2 hours ago,13,2,Would be interesting if someone made an unofficial TS compiler in Rust and it ended up being 10x faster than the 10x faster version in go,@vcasagrand,https://yt3.ggpht.com/8aH2Gtu72lf29yCyyN-V_hzib85VzgV3H1ykAOd58oGWD6qLxzxsxaqly39kQjNaB9VtAZ2n-rM=s88-c-k-c0x00ffffff-no-rj,https://www.youtube.com/channel/UC8vXn2Tu3vy_XZqZnfJRALg,FALSE,FALSE,FALSE
https://www.youtube.com/watch?v=PQ2WjtaPfXU,UgwrhQQYaZWbxgRO6Up4AaABAg,1 hour ago,2,,"JVM typically compiles bytecode to machine code for the hot execution paths (JIT). GraalVM can also do ahead of time compilation for a predetermined load profile. I'm sure C# can do the same, it isn't a new idea after all.",@voomastelka4346,https://yt3.ggpht.com/ytc/AIdro_kGu3gGuZfvRNTKuMpL4WSK5iFkVq5iyEInIxO6R3Q=s88-c-k-c0x00ffffff-no-rj,https://www.youtube.com/channel/UCqnIxoFZtjXZ1hh64OPZ7-g,FALSE,FALSE,FALSE
https://www.youtube.com/watch?v=PQ2WjtaPfXU,UgxVUnjeEeLbjd1uTCB4AaABAg,3 hours ago,20,1,0:39 I just clicked off,@zayzay9006,https://yt3.ggpht.com/ytc/AIdro_ne6SR_-RpO1b5e1sTcqeo2lZkwk4qqZipdQJ8TYmc=s88-c-k-c0x00ffffff-no-rj,https://www.youtube.com/channel/UCnQCVkay2t1JFYrEbfYxs0w,FALSE,FALSE,FALSE
https://www.youtube.com/watch?v=PQ2WjtaPfXU,UgwokwUG1iggMSYGEfB4AaABAg,3 hours ago,2,,"I have no clue what this all means for my hello world script, but sounds chill.",@stinky_bear,https://yt3.ggpht.com/ytc/AIdro_lnBSIeDkzFCvrRSDEUYho9Fn90_1s9DlhIQke5camoIg=s88-c-k-c0x00ffffff-no-rj,https://www.youtube.com/channel/UCWWF2im0oF48KHtXBN4FXtA,FALSE,FALSE,FALSE
https://www.youtube.com/watch?v=PQ2WjtaPfXU,Ugy4jwvs7k_VNWNO7Xl4AaABAg,5 hours ago,10,1,0:26 how dare you,@pyce.,https://yt3.ggpht.com/ytc/AIdro_kSXsCmOJjPytsZDiJuJr8s_1GeccP4boecGYmf_rM=s88-c-k-c0x00ffffff-no-rj,https://www.youtube.com/channel/UCkptJIEA88wnXq-r86Fj21w,FALSE,FALSE,FALSE
https://www.youtube.com/watch?v=PQ2WjtaPfXU,Ugz8mBnMioihPsSTiRN4AaABAg,1 hour ago,2,,"As much as I love C#, I get an aneurysm every time I see non-gaming codebases, they just love to structure things to have useless abstractions, which makes it hell to figure out when you don't know the history of the code. ""Did they even need a factory for that"" has a 100% spawn rate.
It feels like the game devs mostly came from the C & C++ world and the enterprise devs from java, so they have completely different habits. And Microsoft is clearly in the enterprise space...",@Exilum,https://yt3.ggpht.com/hi_uH825Y4omAASOwoRreHRQZ_TM7cinM9hegL-M498uasd_Le8RQBIPp_fdSCLmy7lyXl6izg=s88-c-k-c0x00ffffff-no-rj,https://www.youtube.com/channel/UC3Nz0QDXyfFUJRLwKg6zE-Q,FALSE,FALSE,FALSE
https://www.youtube.com/watch?v=PQ2WjtaPfXU,UgyE7TjDqzV2G1tQwD14AaABAg,5 hours ago,7,1,They have released typescript on protein bars!,@Aerotk,https://yt3.ggpht.com/ytc/AIdro_lbtx0PK82l9tPuurOTys1_dpKY_f7_qhtg4hh3hFUj6w=s88-c-k-c0x00ffffff-no-rj,https://www.youtube.com/channel/UCN2ddQ1G2DI_4UgBajBVDxg,FALSE,FALSE,FALSE
https://www.youtube.com/watch?v=PQ2WjtaPfXU,UgxNISE6HTyYy-6b_iR4AaABAg,4 hours ago,3,2,If typescript is written in typescript then who wrote the typescript before the typescript that was written in typescript?,@Mohammedalharbi.,https://yt3.ggpht.com/QwgQep-0glEbc9mOJbwcTlN5sdS6AKAUXjDuezskGI9fDBb4YNbjnW7yHPxFDdTo00xnv80K=s88-c-k-c0x00ffffff-no-rj,https://www.youtube.com/channel/UC1MBKMFj3B73H4q8MMAUs1w,FALSE,FALSE,FALSE
https://www.youtube.com/watch?v=PQ2WjtaPfXU,Ugw-mSGoPYBsiPwlUmR4AaABAg,5 hours ago,84,7,We got typescript in Go before gta 6.,@rezadadu3287,https://yt3.ggpht.com/ytc/AIdro_noZfDQiCWdZQoP4AaFPyBSRJ9KOFmWXFxOiDFYLo4YfI9j=s88-c-k-c0x00ffffff-no-rj,https://www.youtube.com/channel/UCe6lNCrzhTXY7oWXam_NgOQ,FALSE,FALSE,FALSE
https://www.youtube.com/watch?v=PQ2WjtaPfXU,UgwTpV7a-RJSPKHztQd4AaABAg,5 hours ago,3,,"You are still a valuable person for us, mr Fireship.",@nickname123321,https://yt3.ggpht.com/ytc/AIdro_mDQ9kULjgWzyfwzsYRObJicC49GX-eleEyyfgHYGA=s88-c-k-c0x00ffffff-no-rj,https://www.youtube.com/channel/UCilZ1iMLPvGlBtCGaxpD_Zw,FALSE,FALSE,FALSE
https://www.youtube.com/watch?v=PQ2WjtaPfXU,Ugz04TCDjoLufzWuPwp4AaABAg,3 hours ago,8,4,"I believe what you are referring to as the compiler being ""slow in the editor"" is what is known as a language server and  linter. It  usually isn't compiling the code, it does the parsing and semantic checking to check if your code is correct/good.",@torarinvik4920,https://yt3.ggpht.com/ytc/AIdro_kofU5C6uw4wtMBh6yVp_Zc_U5_0wY2NbE1wA4lep8=s88-c-k-c0x00ffffff-no-rj,https://www.youtube.com/channel/UCPXjMWaW-Vz4wksPjndJSGA,FALSE,FALSE,FALSE
https://www.youtube.com/watch?v=PQ2WjtaPfXU,UgybUgymWZerisW5JcZ4AaABAg,4 hours ago,22,2,"C# can also be compiled directly to native machine code, this is called NativeAOT. So the compiled vs IL argument doesn't hold for it. My best guess is that they simply had an easier time getting devs skilled in Go.",@dusrdev,https://yt3.ggpht.com/nh38rf-guWTbUS4N11fsjJIoEvkDBbS4BN40JoU8j04AEmjfFt2YEcSBOjnO4t5sa-kTybjhv84=s88-c-k-c0x00ffffff-no-rj,https://www.youtube.com/channel/UCE02qYDkXx4vdmQVHX92Xuw,FALSE,FALSE,FALSE
https://www.youtube.com/watch?v=PQ2WjtaPfXU,Ugw9EBmOhCYfUHJZjxR4AaABAg,2 hours ago,1,,‚ÄúAll of your errors will happen 10X faster‚Äù is the synopsis of every release/update of my career,@Cfomodz,https://yt3.ggpht.com/JkaiWy20-R_VN5J3_Uf1hlPnp-qkUycvzxIDb-PhxSCvTv-Ezd2_Z1D2-uPUZtLfE1HaVv87NQ=s88-c-k-c0x00ffffff-no-rj,https://www.youtube.com/channel/UCV3bzYmPXnWF97aHdSCwG1A,FALSE,FALSE,FALSE
https://www.youtube.com/watch?v=PQ2WjtaPfXU,Ugxg7ngTo4bOZ_rwM094AaABAg,4 hours ago,5,,need a vid on spacetimeDB,@akkashchengapa,https://yt3.ggpht.com/ytc/AIdro_nMTzfQU_47-Y0K3vXHXIw52O5rF9qVJLVjyCnUPXyNzdY=s88-c-k-c0x00ffffff-no-rj,https://www.youtube.com/channel/UC8FNorv4Zd53_imNpuGZw6g,FALSE,FALSE,FALSE
https://www.youtube.com/watch?v=PQ2WjtaPfXU,UgyRPiE8zYOiqKzMTJd4AaABAg,4 hours ago,1,,"over 50,000 views in 30 minutes... *and he deserves every god damn one of them.*",@TripTrap1,https://yt3.ggpht.com/KjMy1o0YlHAaLItJk-wN2JTcvu1ImyPKE1pfEz60mM9sxV1ZEZCF6181InXwP8m1PsT96o6g=s88-c-k-c0x00ffffff-no-rj,https://www.youtube.com/channel/UC3Kc9azfMZrpWnaFN8QCE-w,FALSE,FALSE,TRUE
https://www.youtube.com/watch?v=PQ2WjtaPfXU,Ugzw_wRDY3Q3e7uquxh4AaABAg,4 hours ago,1K,22,Can't wait for the next fireship video. About Elons Xaitonium?,@Cryptomastermind6,https://yt3.ggpht.com/qe1g3KzIlRFLMduQBmOOUIg0VfM1DzZC3-GoytGDgDU4RwXNqWRLU3MJ9ciADLpC6p3QTlIqDnw=s88-c-k-c0x00ffffff-no-rj,https://www.youtube.com/channel/UC3xM39-LABOepsXH0S_18pw,TRUE,FALSE,FALSE
https://www.youtube.com/watch?v=PQ2WjtaPfXU,Ugywzr7ZDlotgN0Sp5d4AaABAg,4 hours ago,2,2,Go?! That is highly unexpected. I instantly expected C++,@sollymadeit,https://yt3.ggpht.com/_EfFVFDzj3SgLxWyYwh1yCqVsTVBMdnBcMyooIy21TkhdbaG-yrj-gOZ1yCe5YsIptMuiKjSeg=s88-c-k-c0x00ffffff-no-rj,https://www.youtube.com/channel/UC_Rn44uGkzVxdY743I-sTLw,FALSE,FALSE,FALSE
https://www.youtube.com/watch?v=PQ2WjtaPfXU,UgxithHVp_TWvDLhcl14AaABAg,4 hours ago,11,2,C# has now native Aot so it translates to native machine unlike java,@mouna5252elle,https://yt3.ggpht.com/aXOttEqqSvAV-NVy3n58LWbS4BXJCLxvubxXAQ-sIVbPfKU0fsOna7CFpPrk3um3Ps9hCa7qRA=s88-c-k-c0x00ffffff-no-rj,https://www.youtube.com/channel/UCjYqQ3b3ykCk6vlWItqKWJA,FALSE,FALSE,FALSE
https://www.youtube.com/watch?v=PQ2WjtaPfXU,UgyjfkDOQILu0tM4Lg54AaABAg,40 minutes ago,1,,Now you can finally tell TypeScript to Go Compile Yourself!  I'm complete now. :face-green-smiling:,@DogeDelivers,https://yt3.ggpht.com/vzsTAPt5Y_a7RukOOW6A8HWQOMk4ogKC6nskPRWsGa3zGF5zYaSJipKxFR1sq8hZyxWD3IQikw=s88-c-k-c0x00ffffff-no-rj,https://www.youtube.com/channel/UCuR_hS_-3ez57DEuNbGEI8Q,FALSE,FALSE,FALSE
https://www.youtube.com/watch?v=PQ2WjtaPfXU,UgyKCj9uBfnHZSVafwR4AaABAg,4 hours ago,7,,"0:36 .. JK .. hey, thats me! üòÆ",@jsonkody,https://yt3.ggpht.com/uGEeLbggmPvv5Yka8se09_NRzENnW7YD5s6Rx2jsqn1Ik8OkEsMCRR1Rn-HkjeFkCTTtfQ98=s88-c-k-c0x00ffffff-no-rj,https://www.youtube.com/channel/UCrWK6JPB03KdE8wZcXxFwuQ,FALSE,FALSE,FALSE
https://www.youtube.com/watch?v=PQ2WjtaPfXU,Ugyhx4-skakQJMDf7xV4AaABAg,54 minutes ago,1,,"I was initially disappointed it wasn't written in C# (C# is love, C# is life), but upon thinking about it further, I think that wouldn't have been the best choice. C# compiles to native code at runtime, which means there's always a small delay at the start of executing a program. If your program is a long-running program like a GUI tool or a game, that tiny delay is a total non-issue, but if your tool is a compiler designed to be run frequently, that delay could be a significant issue. That is, unless the JIT'd machine code is cached? I'm not sure ü§î",@clonkex,https://yt3.ggpht.com/ytc/AIdro_mvqrlPifXX3scWH8llE58K2Fe1fKLYl0W2fg4-zvVhp5n0=s88-c-k-c0x00ffffff-no-rj,https://www.youtube.com/channel/UCaoQZScPRRKy7yWLZ8eIrjQ,FALSE,FALSE,FALSE
https://www.youtube.com/watch?v=PQ2WjtaPfXU,Ugz4j6_vnhQMfJFtEyB4AaABAg,5 hours ago,8,1,No views in 58 seconds. This must be Fireships downfallüòûüòû,@wanderer_newalbum,https://yt3.ggpht.com/ybRVPfKpdW7AMBrveSevDOWGMbJps10J8alcKkZsyb4gvK20f4tWUuH6AhMF4X00CFdi37TbBJY=s88-c-k-c0x00ffffff-no-rj,https://www.youtube.com/channel/UCNaOL1VNHczEyGzD_j9E3bg,FALSE,FALSE,TRUE
https://www.youtube.com/watch?v=PQ2WjtaPfXU,UgyTIpG2GdolWkiuiwd4AaABAg,3 minutes ago,1,,"The only thing clear, a lot of people are waiting for this video. Good work..",@carvierdotdev,https://yt3.ggpht.com/ElS9ji_FX2C04sONWpvKk2QwE6pDi9GqNYTiuh-9HQhU5pW1hCyiHTVCgIXBZM5JykQ0y62jSw=s88-c-k-c0x00ffffff-no-rj,https://www.youtube.com/channel/UCT8zDhnWx-ze7ZXDWlt-ThQ,FALSE,FALSE,FALSE
https://www.youtube.com/watch?v=PQ2WjtaPfXU,UgzZ3dRePpKbgtARoaZ4AaABAg,4 hours ago,7,2,C# also supports AOT which is not complete and fully supported for all the platforms like Go.,@zakraw,https://yt3.ggpht.com/ytc/AIdro_m7s2_vr9a-URZ8SU5IImXm-Mf0-NqqRhWQpDEgf9vCn-B03oaMDnxNs4fPH8K8N5WflA=s88-c-k-c0x00ffffff-no-rj,https://www.youtube.com/channel/UCenBznOvGj6CYIYl38UAFEw,FALSE,FALSE,FALSE
https://www.youtube.com/watch?v=PQ2WjtaPfXU,UgwlOBW8uxuPpRHm9Tx4AaABAg,1 hour ago,1,,"Me: Hmm is it go?

Him seconds later: go

bru",@razuuu,https://yt3.ggpht.com/ytc/AIdro_mIM56jMJrL_c4VXRwymhLbl4G_2oI2xXLkPH8rrPU3R1c=s88-c-k-c0x00ffffff-no-rj,https://www.youtube.com/channel/UCGSc7gcg_LMh12tQe2rJeCw,FALSE,FALSE,FALSE
https://www.youtube.com/watch?v=PQ2WjtaPfXU,UgzwLyYNp77R19EjTHx4AaABAg,5 hours ago,11,3,"It's quite ridiculous it's sold as ""TypeScript now is 10x faster"".
No, TypeScript COMPILES 10 times faster, and runs the same as always where it actually matters (your end users).",@inwerpsel,https://yt3.ggpht.com/ytc/AIdro_kfBWzgfHn_NOhyxXs3rKlvQuHZKqfA1ZMrxZMUGQkjW8Dqu0CswMyWj8F3pmGfexqucg=s88-c-k-c0x00ffffff-no-rj,https://www.youtube.com/channel/UClcDA42FaiwQMW1H6WVlsNw,FALSE,FALSE,FALSE
https://www.youtube.com/watch?v=PQ2WjtaPfXU,UgyTA1IdcJLNLjwVO914AaABAg,9 minutes ago,1,,"you missed an opportunity to add the clip from Dr. Strangelove, ""ain't nobody got the ""go code"" yet...""",@slaznum1,https://yt3.ggpht.com/ytc/AIdro_nuBOEjmIZRvi8C2rU9pN29C4ZmCZmyRMbLBHRNqBsjDA=s88-c-k-c0x00ffffff-no-rj,https://www.youtube.com/channel/UCBgddrXd1YFDX7g2gX-Zjsg,FALSE,FALSE,FALSE
https://www.youtube.com/watch?v=PQ2WjtaPfXU,UgxuWCu6I91HMHj055x4AaABAg,5 hours ago,16,4,"doesn't count, its not written in Rust",@fifthwit1318,https://yt3.ggpht.com/tabXnnK1Kmcb4ar4gkBp7ZUL8P6AeHIy6Y794Z6aMrCXgRlmMm3ZOUqlzcLXfzk0sSuKChexjw=s88-c-k-c0x00ffffff-no-rj,https://www.youtube.com/channel/UC4Xln3THxGEffuDnZpLAizg,FALSE,FALSE,FALSE
https://www.youtube.com/watch?v=PQ2WjtaPfXU,UgwqDey-iXk6tm9gwah4AaABAg,2 hours ago,1,,"""Fail fast"" is a business and development philosophy that encourages rapid testing and identification of failures early in the process to minimize wasted effort, time, and resources, ultimately leading to faster learning and adaptation.",@gillall4828,https://yt3.ggpht.com/ytc/AIdro_kygAwzhjKnqJfFQ2opuJDhnUXl6AgErEKbE9W3oUA=s88-c-k-c0x00ffffff-no-rj,https://www.youtube.com/channel/UCK-_ovM9lZFDAG_51EHCD2A,FALSE,FALSE,FALSE
https://www.youtube.com/watch?v=PQ2WjtaPfXU,Ugyc_JT68xT9g9eTeTt4AaABAg,4 hours ago,12,2,RIP the guy who wrote Doom in Typescript types,@_ninoooo,https://yt3.ggpht.com/ytc/AIdro_n1guDiz8iQIUgFGnmh5VA5PJlNSiWQwX3Ik0ywlPv8JUDRXZiF6wxDvbC7F3YSi1BdlA=s88-c-k-c0x00ffffff-no-rj,https://www.youtube.com/channel/UCwu90I_GY39yQVxUXqYQtVw,FALSE,FALSE,FALSE
https://www.youtube.com/watch?v=PQ2WjtaPfXU,Ugx4tXlQmyb1jf8iWD94AaABAg,3 hours ago,3,2,It seems this Video was Uploaded around 02.10 WIB (UTC+7) according to YouTube's Metadata?,@inzaghiposumaalkahfi9650,https://yt3.ggpht.com/ytc/AIdro_lyIccOMi7KE0VTOpVM9KFPoi97qBT8p_exmYnwhkI=s88-c-k-c0x00ffffff-no-rj,https://www.youtube.com/channel/UCnJevl-xdTBTztQC8fu3Lpg,FALSE,FALSE,FALSE
https://www.youtube.com/watch?v=PQ2WjtaPfXU,UgzDNyHO1D249kSPvfN4AaABAg,3 hours ago (edited),4,1,"1.00 Now it's on March 12, 2025 or Ramadan 12, 1446 AH and you're watching Fireship Videos about Microsoft's TypeScript Codebase on the Code Report Series.",@IzzumiPoshaf,https://yt3.ggpht.com/ytc/AIdro_nbIRpRoYqRgJ2spNIQtwabq6ir18ziB_GIrg8eyjIddwsRWvvxJsp8Y8bqRYKGYd7v5A=s88-c-k-c0x00ffffff-no-rj,https://www.youtube.com/channel/UCn9syfd0Vgoq52Sp1s4EFKQ,FALSE,FALSE,FALSE
https://www.youtube.com/watch?v=PQ2WjtaPfXU,Ugzg-QvhzBvRPqWIpCp4AaABAg,4 hours ago,1,,"0:43 Bro, that's hits hard!",@UocLv,https://yt3.ggpht.com/-5SgmG7gAJrwXqoYi1sJiH146TaAdVfrJB4KAoa6bRabESLPYj7vqjN6EscKN6ZtmacrlWCx3Bo=s88-c-k-c0x00ffffff-no-rj,https://www.youtube.com/channel/UCNmY1L1C4l_rYtZx9rNDO2w,FALSE,FALSE,FALSE
https://www.youtube.com/watch?v=PQ2WjtaPfXU,UgynCPNyHz8_62TI3154AaABAg,4 hours ago (edited),4,1,"Twist: Go is being rewritten in TypeScipt. 

Seriously though Go is a fantastic choice. Its low level enough to offer great performance, and high level enough to get out of your way.  Its so simple and to the point. (the absolute opposite of TS)",@RobertFletcherOBE,https://yt3.ggpht.com/ytc/AIdro_mNSzVQN9kmm5VdiFlkeX2b8MKr2lda4aAwuWB1OTZRMzs=s88-c-k-c0x00ffffff-no-rj,https://www.youtube.com/channel/UCzQwETqFXRJKymp3zpgw36g,FALSE,FALSE,FALSE
https://www.youtube.com/watch?v=PQ2WjtaPfXU,UgwRrsaTPXNuhTh8ZVZ4AaABAg,31 minutes ago,1,,"The top comment on the announcement video was ""can't wait for the fireship video""",@goofyahhahhboy-p1o,https://yt3.ggpht.com/ytc/AIdro_nr7Lt2gYMHmuJFz67U7ZBR1IPcgI2sEthAAz-isCC0_C4WXVAkXQmoyMkDbLr9Fzyc4g=s88-c-k-c0x00ffffff-no-rj,https://www.youtube.com/channel/UCOsHXVwBZMT8pSDvJCYwBYg,FALSE,FALSE,FALSE
https://www.youtube.com/watch?v=PQ2WjtaPfXU,UgyRg1s-5hzhgzvw2VB4AaABAg,5 hours ago,5,,I will never understand anything in a fireship video but I watch them anyway.,@chris.breadman,https://yt3.ggpht.com/MuesMH2ydk8Jl_lNAbSvLkRhjfUA3LPBDKlVk2wmZD-UCvspH4rbtZYoDk19Gp_0bTASnu_v0g=s88-c-k-c0x00ffffff-no-rj,https://www.youtube.com/channel/UCJ0UzqG8yndkfZrSB3q4AFg,FALSE,FALSE,FALSE
https://www.youtube.com/watch?v=PQ2WjtaPfXU,UgyI8d1Kjrj15NvCbNV4AaABAg,6 minutes ago,1,,2:28 this is not necessarily true; C# has NativeAOT which also does native machine code ahead-of-time compilation.,@nolram,https://yt3.ggpht.com/ytc/AIdro_lzhipNSWpwbueDWG5oL75EVaoIxN9jVjzv_ZYt8i3h8C8=s88-c-k-c0x00ffffff-no-rj,https://www.youtube.com/channel/UCIAzrqWMnhlJhKt7o1iP1fQ,FALSE,FALSE,FALSE
https://www.youtube.com/watch?v=PQ2WjtaPfXU,UgyUlYuqDJRYa0J633x4AaABAg,5 hours ago,10,2,C# doesn't run in a WM. It gets compiled right before running into machine code by the JIT.,@BrokoIis,https://yt3.ggpht.com/ytc/AIdro_n4fPUbeNSWVtNExTQlhVReEqmjjAi8OUFL68mQusa5=s88-c-k-c0x00ffffff-no-rj,https://www.youtube.com/channel/UC9pLoACaZNAMYfYQo0R4ORQ,FALSE,FALSE,FALSE
https://www.youtube.com/watch?v=PQ2WjtaPfXU,UgxNbndpzPOF1Dp3l1N4AaABAg,3 hours ago,1,,"‚ÄúBut it has one fatal flaw‚Äù

Shows image of OceanGate sub

Brutal",@PikminGuts92,https://yt3.ggpht.com/ytc/AIdro_msGMWWuV4GKlcWn5DCrFp-7oh5l4KW1miyrb0BYiqTiQ=s88-c-k-c0x00ffffff-no-rj,https://www.youtube.com/channel/UCCiJ_biLQoXH7P9v00QnRYg,FALSE,FALSE,FALSE
https://www.youtube.com/watch?v=PQ2WjtaPfXU,UgyZniE2Y5K6yTKUgfN4AaABAg,5 hours ago,10,,"Rewrite in Rust ‚ùå
Port to Go ‚úÖ",@madebylewis,https://yt3.ggpht.com/ytc/AIdro_n1oBejadkd5jE6ocmH8U0woscHYIq6v7iZSEdIJpguHVA=s88-c-k-c0x00ffffff-no-rj,https://www.youtube.com/channel/UCN_ZckRpnADP58V60ZEZcIw,FALSE,FALSE,FALSE
https://www.youtube.com/watch?v=PQ2WjtaPfXU,Ugyop2DXOCx1Mlv0f7l4AaABAg,4 hours ago,1,,"0:25:  The proper pronunciation of C# is ""D flat.""  :-)",@ewhac,https://yt3.ggpht.com/ytc/AIdro_lchJ4A0Svkhol3JXTMqNznby2cgffC3IevhMzxhnSDvw=s88-c-k-c0x00ffffff-no-rj,https://www.youtube.com/channel/UCh0GdE_8zFwzcxyjNFuKrTQ,FALSE,FALSE,FALSE
https://www.youtube.com/watch?v=PQ2WjtaPfXU,Ugx7v8oeC5CaM8ceKHR4AaABAg,3 hours ago,6,4,"I use Go at work and I hate it. I just hope people stop sugarcoating Go. It's terrible. All the new additions to the language combined with its initial bad design result in it being unfixably inferior even to languages like Java (like Java, imagine!!! I was impressed how simple was a snippet in Java that a colleague showed me compared to Go)

Please, just state it how it is. It's a bad language, designed to have easily replaceable programmers (and only having achieved that because of corporate backing, not the language design anyway), and to have easily AI-generatable code. Instead of making languages more expressive, we just generate all the garbage boilerplate with AI nowadays. That is the hell that we programmers live in.",@apestogetherstrong341,https://yt3.ggpht.com/hvxX3cMie2yo011KjI9xCL_dqS4j6dGR49N69oX_LQrodfbgE3ctihQdFWolCd2xhr2tUbJj-XA=s88-c-k-c0x00ffffff-no-rj,https://www.youtube.com/channel/UC_zBpS3e5hjL_EEfbmRMTBQ,FALSE,FALSE,FALSE
https://www.youtube.com/watch?v=PQ2WjtaPfXU,UgyQPR85dmQy-iKWQwl4AaABAg,5 hours ago,2,,I knew Fireship video is coming when I saw comments under Microsoft announcment video from our boi Anders,@QuZon,https://yt3.ggpht.com/ytc/AIdro_mxCoJXfZUJtApRRFM5mV6M9vaaHOKIr9YBIBl-_xmLZA=s88-c-k-c0x00ffffff-no-rj,https://www.youtube.com/channel/UCiIPbFklgucdDwWGNADmUvg,FALSE,FALSE,FALSE
https://www.youtube.com/watch?v=PQ2WjtaPfXU,UgwXPJOO2o9LkdMkGNN4AaABAg,5 hours ago,10,2,First?,@MrFrogsie,https://yt3.ggpht.com/ytc/AIdro_n0_VGoqWqly5Wj2u_Jrfp-wskLV2VLpqSwFqXcWKlSVOA=s88-c-k-c0x00ffffff-no-rj,https://www.youtube.com/channel/UCdnJUk24bfoHDoKNrvtgKdQ,FALSE,FALSE,FALSE
https://www.youtube.com/watch?v=PQ2WjtaPfXU,UgwTq1rrcmFeizn-PZp4AaABAg,1 hour ago,1,,There we go. Was waiting for you to publish this after I saw the video from Microsoft,@n0_l0gic,https://yt3.ggpht.com/ytc/AIdro_mct-bCwMYR-NAR7vES5BfTWF_pcdehL6OoNcy7cW0QAUE=s88-c-k-c0x00ffffff-no-rj,https://www.youtube.com/channel/UCUJmpOnujpQyGu5bxKd4sOg,FALSE,FALSE,FALSE
https://www.youtube.com/watch?v=PQ2WjtaPfXU,Ugz8qpXSxgrDIgFfCpt4AaABAg,5 hours ago,13,1,Go is the language of the future.,@grepex-o6u,https://yt3.ggpht.com/oSyLDPvH1fLD7ES-LEwH98mYvTIv9lLdahSXT6B4lpjR8X5EvNo6WEHzRM6XaXzcOqwSmJ9t8tA=s88-c-k-c0x00ffffff-no-rj,https://www.youtube.com/channel/UCmkX_IWZ6XG-6AYmq2zEPJQ,FALSE,FALSE,FALSE
https://www.youtube.com/watch?v=PQ2WjtaPfXU,Ugy5t-EiXJQltZPncZx4AaABAg,11 minutes ago,1,,"You know what they say, iteration speed is everything",@3Rton,https://yt3.ggpht.com/ytc/AIdro_miUdQnqmZjtacjAE2xF0xrEXEF3YSwLo90VK6-3HMVPw=s88-c-k-c0x00ffffff-no-rj,https://www.youtube.com/channel/UCqCXpOoidFg8D1G-tzLsUog,FALSE,FALSE,FALSE
https://www.youtube.com/watch?v=PQ2WjtaPfXU,UgwlVKN-Rn7LpTLHT1x4AaABAg,5 hours ago,5,5,"They would of written it 6months faster, but it took them quite a long time to cover all the error cases with if err != nil statements...",@DavidSmith-ef4eh,https://yt3.ggpht.com/ytc/AIdro_lxHEABFMOlnCbqWJrDKku9FdNAn6waWIyKUtSaqQk=s88-c-k-c0x00ffffff-no-rj,https://www.youtube.com/channel/UC5xZBp9u5b5eSy0FuUYRkYw,FALSE,FALSE,FALSE
https://www.youtube.com/watch?v=PQ2WjtaPfXU,UgzhID14A6NRFtGRJiF4AaABAg,2 hours ago,1,,Literally the moment that I heard this news I was confident I'd see this video today,@dreadmaker,https://yt3.ggpht.com/ytc/AIdro_kqHnbiENfQiG2THw50OnCmSi8EZzHTmrKclcpMqyuenw=s88-c-k-c0x00ffffff-no-rj,https://www.youtube.com/channel/UC9zW9-I1S191T9cEepP9Y0w,FALSE,FALSE,FALSE
https://www.youtube.com/watch?v=PQ2WjtaPfXU,UgyX4nxW_X2o6iyyQ4B4AaABAg,5 hours ago,4,2,Go is THE best language out there. It‚Äôs funny seeing all the boomer Java devs be salty about it,@nothingtoseehere93,https://yt3.ggpht.com/ytc/AIdro_nThXrBQ0kGJAtHuVo8xxRnT-QT8qXTDyJtcrQLUFw=s88-c-k-c0x00ffffff-no-rj,https://www.youtube.com/channel/UC-ep-KzKDs4OAVQnMHKnm5Q,FALSE,FALSE,FALSE
https://www.youtube.com/watch?v=PQ2WjtaPfXU,UgwBsmeKWrzf8V5qQr54AaABAg,3 hours ago,1,,"Bro wake up, Fireship just dropped",@noneofyourbusiness5015,https://yt3.ggpht.com/t2JhNMY7f8xeqsAPVLFxH3YfD1r5xwjlAAkdmNVJ8_wMljdFBSCIN6RyXZXkfHK-l25DcdJf=s88-c-k-c0x00ffffff-no-rj,https://www.youtube.com/channel/UCoG5b6PhDypDNSko3aqyGfA,FALSE,FALSE,FALSE
https://www.youtube.com/watch?v=PQ2WjtaPfXU,UgwtNmGWv7x-ByhdiDV4AaABAg,1 hour ago (edited),2,,@MelkeyDev getting absolutely stomped in the intro. Lets go.,@gBUGATI,https://yt3.ggpht.com/ytc/AIdro_kexgVD7v_rNqrULnVgdzPy85cPswC7jwImkRurVEs=s88-c-k-c0x00ffffff-no-rj,https://www.youtube.com/channel/UCLAA57IwmzrSoCWbr9u22Ng,FALSE,FALSE,FALSE
https://www.youtube.com/watch?v=PQ2WjtaPfXU,UgzMPJMSUBtN0CvM6gR4AaABAg,18 minutes ago,1,,The first non ai webdev friendly actual improvement of 2025. I apppreciate,@iacopocarlini,https://yt3.ggpht.com/ytc/AIdro_mn1dpse2DBmfd5hbVxfPahV7-RdnT_D0Zyyn8mnv2PXmE=s88-c-k-c0x00ffffff-no-rj,https://www.youtube.com/channel/UCIglaMhUFp6BGlcbc8f8jCQ,FALSE,FALSE,FALSE
https://www.youtube.com/watch?v=PQ2WjtaPfXU,Ugz6Po6MMxYeq9FTxhh4AaABAg,3 hours ago (edited),1,,"Not a dev, work with devs on the daily so i understand just enough of your content, love your vids always solid laughs and they make my day üéâ",@TheKingie07,https://yt3.ggpht.com/ytc/AIdro_mAn9YPZzhWV_rQECNTgEqQts7Bo3K63TVDvu1Hy4k=s88-c-k-c0x00ffffff-no-rj,https://www.youtube.com/channel/UCKlDz6FjreR2FALpGc0ehXQ,FALSE,FALSE,FALSE
https://www.youtube.com/watch?v=PQ2WjtaPfXU,UgyqftP-JJ5Nrzrnotd4AaABAg,2 hours ago,2,,0:42 is that melkey? üòÇ,@oscarhagman8247,https://yt3.ggpht.com/ytc/AIdro_kbYrLNmLBXxrA6TR7JGb2qc4qGqKeAXASyUf8WA9w=s88-c-k-c0x00ffffff-no-rj,https://www.youtube.com/channel/UCI9wdyURnh8i1TJjDXlvVEA,FALSE,FALSE,FALSE
https://www.youtube.com/watch?v=PQ2WjtaPfXU,UgxDER-NJEoIpckRoTB4AaABAg,4 hours ago,2,,That photo of Melkey was brutal üòÖ,@tiltMOD,https://yt3.ggpht.com/ytc/AIdro_kFfsaXYBgJEgkE8MghHd03KJtIWvlhcBdEi5DsR5pm-PlySJGtwNov180UsHGNwZGqdA=s88-c-k-c0x00ffffff-no-rj,https://www.youtube.com/channel/UCokEIpzTl3OntJs57NT5Img,FALSE,FALSE,FALSE
https://www.youtube.com/watch?v=PQ2WjtaPfXU,UgzAc2A2Tl2tN_VxjXl4AaABAg,4 hours ago,2,,this is in response to the doom in typescript types,@megumaxuwu,https://yt3.ggpht.com/ytc/AIdro_nJoE_7ASSErUCHEDm_dYhn5JYCuwZqz-jcYs_R7UCsx1E=s88-c-k-c0x00ffffff-no-rj,https://www.youtube.com/channel/UCV1v_lEH0aS7zUdqnchGj_w,FALSE,FALSE,FALSE
https://www.youtube.com/watch?v=PQ2WjtaPfXU,UgwdJSWD-Jx4oFofAGF4AaABAg,2 hours ago,2,,"Hey, not really ‚Äúcompiling‚Äù since the output is JavaScript. Transpiling is the usual term to use.",@toadlguy,https://yt3.ggpht.com/3z7kgyM7dX0JVKnUjRJcLxHm2pzk5849aXDGkIFN0Gq1fjEtkl_hvmW0BlzH0TaxgxaPC2nb5E8=s88-c-k-c0x00ffffff-no-rj,https://www.youtube.com/channel/UCm3bmoyUrEIy-YPqM68JoDQ,FALSE,FALSE,FALSE
https://www.youtube.com/watch?v=PQ2WjtaPfXU,UgxR8VQa7Q679yP6v114AaABAg,1 hour ago,1,,Small correction. C# does not run bytecode on a VM.. It's JIT compiled and runs native all the time.  No VM.,@seetingthroughthecloud,https://yt3.ggpht.com/tUs5dC41okUFdTpAqu7noceFjCk5CrmbB96-qT-8V8T29qOkDMCZHSTj0Gg-EUeyfnU-vNmABQ=s88-c-k-c0x00ffffff-no-rj,https://www.youtube.com/channel/UCYEKw-gOgOPRS_ZFBE0zHKA,FALSE,FALSE,FALSE
https://www.youtube.com/watch?v=PQ2WjtaPfXU,UgyZANSgfcPuRJWca1N4AaABAg,1 hour ago,1,,"I swear, Bevelorus The Hidden Codex of the Financial Alchemists is one of the best books I‚Äôve read. It‚Äôs life-changing.",@CricketloveK18,https://yt3.ggpht.com/xRpDTQU70CIMpD639U6t4mQXdBt26YlyUTJ-qYztlFfHJlEGJBikycAsyxPeC3TAXbNTE5pVv_A=s88-c-k-c0x00ffffff-no-rj,https://www.youtube.com/channel/UCXFMDn4akzFMnEeTV1kDytw,FALSE,FALSE,FALSE
https://www.youtube.com/watch?v=PQ2WjtaPfXU,UgzjTjGYX9B8cVjFhal4AaABAg,5 hours ago,1,,Now I know why ppl were saying 'I'm waiting to see Fireship video about this'. LOL. So much fun LOLOL,@renatosantos3794,https://yt3.ggpht.com/ytc/AIdro_nhoOi8Lhcr7w0l0Ur6N0ern1n6gqe49p8sDZDsXjKezsAllwS3frRAi1p45L_qVDrCfQ=s88-c-k-c0x00ffffff-no-rj,https://www.youtube.com/channel/UCo61qNnAeRiksgenxLTZCCw,FALSE,FALSE,FALSE
https://www.youtube.com/watch?v=PQ2WjtaPfXU,UgworEwOiiHW0VxAMzp4AaABAg,2 hours ago,1,,"wait jeff saying that the port would be easier that way because the functions would look similar explains why go, but doesnt fully explain why not rust. like how much harder would it have been is the question right",@kimeiga,https://yt3.ggpht.com/ytc/AIdro_mVj90MQDH30nTOZrmRfb_PdEnqqlRmbRt0LtpfoNOTjw=s88-c-k-c0x00ffffff-no-rj,https://www.youtube.com/channel/UC11PybAMuU4rr-GiYnWuzEw,FALSE,FALSE,FALSE
https://www.youtube.com/watch?v=PQ2WjtaPfXU,UgwKL48wuXNu-cxW1St4AaABAg,3 hours ago (edited),1,,Fireship got more sponsors than a Formula 1 car.,@xbxtbe,https://yt3.ggpht.com/ytc/AIdro_mv0wPThKU39Zc43KZV8uQcZ9OT-QPLmv9W_CjeMtjmww6xglaaxRgmkSeZC-5Vovcb2A=s88-c-k-c0x00ffffff-no-rj,https://www.youtube.com/channel/UC_j-4xefpbQrRCKkJjfzWuQ,FALSE,FALSE,FALSE
https://www.youtube.com/watch?v=PQ2WjtaPfXU,UgyDnQ9bIWxGcX9O1FJ4AaABAg,3 hours ago,1,,The guy who spent months building doom in old Typescript: am I a joke to you?,@RexGalilae,https://yt3.ggpht.com/ytc/AIdro_kgV8S132wlRiZCzhoeq5TxemwbVuYRfN3SO_T1U6tXDPo=s88-c-k-c0x00ffffff-no-rj,https://www.youtube.com/channel/UCPoi7tF66PYlV_IAjnYjRgA,FALSE,FALSE,FALSE
https://www.youtube.com/watch?v=PQ2WjtaPfXU,Ugx6h5tRNObmWS9TMtR4AaABAg,5 hours ago,2,,"I've never even heard of this, but I'm ready to have a full on opinion on it",@misterbguy123,https://yt3.ggpht.com/ytc/AIdro_nfC2l5J8UrLsjE5XQA7uStHgAz2FxSoXMDgR9-jqE=s88-c-k-c0x00ffffff-no-rj,https://www.youtube.com/channel/UCi_JUTD7fA49fjMl17aXlsg,FALSE,FALSE,FALSE
https://www.youtube.com/watch?v=PQ2WjtaPfXU,UgzjumrFEmhPQLZNKE54AaABAg,1 hour ago,1,,It's CRAZY how much yesterday happened. Literally every other video starts with that.,@tielessin,https://yt3.ggpht.com/SZp0LKs27hBOppGcbHBuc5bLv7-w98zR0RnuZp2s6JnGKrAbVtvgzZEIYJYIRZCPyThVDpsg=s88-c-k-c0x00ffffff-no-rj,https://www.youtube.com/channel/UCcrGm7uDk5oy5Cg1X12gItw,FALSE,FALSE,FALSE
https://www.youtube.com/watch?v=PQ2WjtaPfXU,UgwPkiklPH7UKIEMBQR4AaABAg,2 hours ago,1,,I get my tech news either from this channel or from samtime - those give me everything worth knowing about the tech industry.,@Evansgr123,https://yt3.ggpht.com/ytc/AIdro_nYY5zjFYmJ1hAsyOSHqViZ90mSAr76wBAHbz9sZG9yAD40=s88-c-k-c0x00ffffff-no-rj,https://www.youtube.com/channel/UCOVls1Emx6SbAXMNHecoSgQ,FALSE,FALSE,FALSE
https://www.youtube.com/watch?v=PQ2WjtaPfXU,Ugwbchc094hUTPFDV3F4AaABAg,4 hours ago (edited),1,,"""All your favorite annoying compiler errors will still happen, just 10x faster than before.""
Yippie!",@joshuan.,https://yt3.ggpht.com/t4fWOxKprxOlovCl1ueKS0IWw49b5IfLsitXyN6KzJZFjHtBUWN0h2o2CKlS9vUWMXn2c3-4tSE=s88-c-k-c0x00ffffff-no-rj,https://www.youtube.com/channel/UC8VcFMBIlkdv-AfsF078l6A,FALSE,FALSE,FALSE
https://www.youtube.com/watch?v=PQ2WjtaPfXU,Ugz-NXmBP7DWJN9BFv94AaABAg,1 hour ago,1,,it's really crazy how nobody is talking about the book bevelorus the hidden codex of the financial alchemists,@sardarvanshi2234,https://yt3.ggpht.com/bLq4eQb3mT1V8TWFITwKo-iYDzYulds65F5N4KzLj2xwciySkliq4jv1elr1qe8YBTQA_G0ofE4=s88-c-k-c0x00ffffff-no-rj,https://www.youtube.com/channel/UCGhB9B8EI7kJkZgL_r9P85Q,FALSE,FALSE,FALSE
https://www.youtube.com/watch?v=PQ2WjtaPfXU,UgwHBmOEnp4NqP1d_6F4AaABAg,1 hour ago,2,,The decision to use Golang was more political than technical.,@fieryscorpion,https://yt3.ggpht.com/ytc/AIdro_lyzHgOal4LUvSSwzq7bmJB2MOgSiMP5927-KccqUcDn40RSFJXW2g-2DKj0R499kW9fg=s88-c-k-c0x00ffffff-no-rj,https://www.youtube.com/channel/UCgO7tTTVz2RgAPOZ--i6pBg,FALSE,FALSE,FALSE
https://www.youtube.com/watch?v=PQ2WjtaPfXU,UgyeqVCIDsjmyLj92p14AaABAg,6 minutes ago,1,,Now we can render a single frame of doom in 1.2 days in TypeScript Types,@smort123,https://yt3.ggpht.com/ytc/AIdro_nhnz0V4o65xOlAfKg71rWcwijopH7IHYFxNrnpxmKiqg=s88-c-k-c0x00ffffff-no-rj,https://www.youtube.com/channel/UC1H5aD13XqLKvhHch2EcFxQ,FALSE,FALSE,FALSE
https://www.youtube.com/watch?v=PQ2WjtaPfXU,Ugy6DyQNPayY_3QH5Ax4AaABAg,4 hours ago,1,,Melkey was done dirty in that intro lol,@rambeezler,https://yt3.ggpht.com/q4W7nkd0n8EZ9izH-Hmwubz97PLLGb-Ov9GPlLsQYvv87A2hAIJw4dn3h49ve-BRe3pb7q2g=s88-c-k-c0x00ffffff-no-rj,https://www.youtube.com/channel/UCDKVoFR7mcND1givec7qeZg,FALSE,FALSE,FALSE
https://www.youtube.com/watch?v=PQ2WjtaPfXU,UgzqU9V4DSvBOSemRBJ4AaABAg,3 hours ago,2,,I‚Äôve always felt that JS - and to extension TS - was hella sus.,@TamLeAuthentic,https://yt3.ggpht.com/InNPnU7Uua2kWoWSVnbEMleT_zbpO4jv6QAWqUpIOrXjnfILM9HBw0SSxVv-Zcs0cn5jGrcKJz4=s88-c-k-c0x00ffffff-no-rj,https://www.youtube.com/channel/UC1I-lrOSHkNXVu2QzhmdkTQ,FALSE,FALSE,FALSE
https://www.youtube.com/watch?v=PQ2WjtaPfXU,Ugw14fNYzdp1ekWBtF94AaABAg,2 hours ago (edited),1,,"Go is going to be used increasingly for any non-system level codebase, its already the go-to for cli and backend applications, its only going to grow - shocked Microsoft made this sensible choice, but completely agree it is the right choice from the available, modern, languages",@thejjjwils,https://yt3.ggpht.com/ytc/AIdro_n_bXo2zE9OcdOfxdIL6EkLYhNYDsqS_rzmPGm91es=s88-c-k-c0x00ffffff-no-rj,https://www.youtube.com/channel/UCik8GDC8sW7DRvzb99USqEA,FALSE,FALSE,FALSE
https://www.youtube.com/watch?v=PQ2WjtaPfXU,UgzaFO42DkSSfd9oxrR4AaABAg,4 hours ago,2,,"Unless so many Rust developers based their identities on a programming language, today would have been far less entertaining üçø",@janik6n,https://yt3.ggpht.com/ytc/AIdro_l3jjUqP_Z5CWeVZX0FhtqSc_w-2ixSbTZKZpDNKSDEfyU=s88-c-k-c0x00ffffff-no-rj,https://www.youtube.com/channel/UCRr4uZ8YJqVjjQe0uD_Wnqg,FALSE,FALSE,FALSE
https://www.youtube.com/watch?v=PQ2WjtaPfXU,UgwA4H8RWt6U39Rajl94AaABAg,5 hours ago,3,,Ill wait for the next fireship video,@bennygn9642,https://yt3.ggpht.com/ytc/AIdro_mlfBTbx9T8hWZ1XS8V22zA8N-OkIUOfgw-B4M9xHY=s88-c-k-c0x00ffffff-no-rj,https://www.youtube.com/channel/UCb2ugwA2_UDY9lLKsntqTtg,FALSE,FALSE,FALSE
https://www.youtube.com/watch?v=PQ2WjtaPfXU,Ugz22bpQwmuUM1D-4iV4AaABAg,4 hours ago (edited),1,,"Anders is based AF, he's one of the more sane programmers out there
Everyone shat on Angular 2 for deciding to go with TypeScript and tooling as a default, now look at where we are, everyone using TypeScript and a bunch of tooling",@figloalds,https://yt3.ggpht.com/ytc/AIdro_mnkES08tyZekLmq638Nl6S0xvms5z1aA1mKhlNQBpTXzo=s88-c-k-c0x00ffffff-no-rj,https://www.youtube.com/channel/UC76aGMgOP8-6ZQ24nr-3_ww,FALSE,FALSE,FALSE
https://www.youtube.com/watch?v=PQ2WjtaPfXU,UgwP3LDthHMqKUFW1a14AaABAg,2 hours ago,1,,"The CLR IS NOT a virtual machine. Csharp has low level machine language, but you can also use just-in-time and  ahead-of-time, targeting chips and including all framework dependencies,  among other ""compiled"" features and its likely that microsoft has been doing so for years",@luizeduardo9833,https://yt3.ggpht.com/ytc/AIdro_k5ShQo8_DsQSlu592K4W0uZkPBcdw-_WX2EoqF52w=s88-c-k-c0x00ffffff-no-rj,https://www.youtube.com/channel/UC-13V_1sJnGU607ok_nWYww,FALSE,FALSE,FALSE
https://www.youtube.com/watch?v=PQ2WjtaPfXU,Ugx7rfqOgxux7aTTlaF4AaABAg,3 hours ago,1,,"0:53 he should have said ""Why did Microsoft go Go.""",@nikodrossos6249,https://yt3.ggpht.com/ytc/AIdro_nNr2IljTqrDy06t7go0DQEamq3Eghsnp638DdML_I=s88-c-k-c0x00ffffff-no-rj,https://www.youtube.com/channel/UC5vRxseJPtbQFpNipPjzLgg,FALSE,FALSE,FALSE
https://www.youtube.com/watch?v=PQ2WjtaPfXU,UgxVssrYObIjStzxW1V4AaABAg,4 hours ago,1,,"There is hardly any fireship video nowadays that doesn't end with ""the sponsor of today's video"".",@awwalmohammed9254,https://yt3.ggpht.com/ytc/AIdro_lvQAs2OdkUlu0vRMRbFoFsNqfC-4t8W1TZf4i3CWwp5u8=s88-c-k-c0x00ffffff-no-rj,https://www.youtube.com/channel/UCbDWapeQDy8fBGDOVZMyRWA,FALSE,FALSE,FALSE
https://www.youtube.com/watch?v=PQ2WjtaPfXU,Ugxr0cFUXKrDlZvKTe94AaABAg,3 hours ago,1,,"I love how ""Yesterday, Microsoft dropped a nuke on programming"" is so polarizing that you'd either see the production code be EOL in the next version or it will be the fastest thing you've seen yet.

But both still require you to migrate.",@haves_,https://yt3.ggpht.com/WgLr1KNOWnNOy7gbCtRaK_iew46V3BEHANa1DPhA9EY08XV68zE9-2V3QXNwLg3GnqHC0OPd=s88-c-k-c0x00ffffff-no-rj,https://www.youtube.com/channel/UCLrC1ukeR_cTOnb-hDzfXrg,FALSE,FALSE,FALSE
https://www.youtube.com/watch?v=PQ2WjtaPfXU,UgzFoDJn47v5yzZllaV4AaABAg,3 hours ago,1,,I watch Fireship religiously at this point.,@CosmicAerospace,https://yt3.ggpht.com/xjUEMByZ87pNL0frv5Y1QPDXhFOlorQHEetCiXeMR6MCPO_2hEBX_y8DMfjfiYjrMewy0PRY=s88-c-k-c0x00ffffff-no-rj,https://www.youtube.com/channel/UC_ZEyrSoo5QFk2p6q3Wc8Tg,FALSE,FALSE,FALSE
https://www.youtube.com/watch?v=PQ2WjtaPfXU,UgwfwyVTs574rqQpLIR4AaABAg,3 hours ago (edited),1,,People saying Go isn't well suited to writing a compiler are going to be shocked when they find out what the highly-regarded Go compiler is written in.,@americanjetset5010,https://yt3.ggpht.com/axFuTGyMCDyYLj-BrneFMyLaJPBYsIEA9gyJc3U6oTi4izZzky2nWeV2dN0cgRvJwa5UKcoe=s88-c-k-c0x00ffffff-no-rj,https://www.youtube.com/channel/UCy7Zqd5hLhVEmOpEBTedlgA,FALSE,FALSE,FALSE
https://www.youtube.com/watch?v=PQ2WjtaPfXU,Ugx0RBW7hP685EpV_uZ4AaABAg,4 hours ago,2,,Can't wait for the next fireship video,@hitblank2320,https://yt3.ggpht.com/EUpHuCzMBW1bzYhaq47FCj2NeWzG7Qfd4-ibd1YhEOI_rwQ2aKLQoRrog2ySyS5M5b6Y2GL3mQ=s88-c-k-c0x00ffffff-no-rj,https://www.youtube.com/channel/UC4kkI7qTyo8Im8r3RFPHKOw,FALSE,FALSE,FALSE
https://www.youtube.com/watch?v=PQ2WjtaPfXU,Ugy80I8wzOek2V2v4bB4AaABAg,4 hours ago,2,,At this point Fireship is to Development & AI Tools what Elon Musk is to Meme Coins. He could literally pump and dump any framework with one 100-second video. lol,@james8356,https://yt3.ggpht.com/ytc/AIdro_nbnIwyYsF5KGzS2pWd-Bbv2zgtWKXIXYtKtnh9Q669BzQAGM9gxLELfbqgp3aEheu7BQ=s88-c-k-c0x00ffffff-no-rj,https://www.youtube.com/channel/UCgPdK7nhssKRRDkLeLXzjNw,FALSE,FALSE,FALSE
https://www.youtube.com/watch?v=PQ2WjtaPfXU,UgygUVZB4pguikmCud94AaABAg,4 hours ago,2,,I just realised Google Go might have something to do with Go,@davidaugustofc2574,https://yt3.ggpht.com/4aZnB77b3bVvNyRgbJy-e88sxGBuWG25jmOrjSnjpn0oKa4mwd896kIllG8YM-3DIySVinsB=s88-c-k-c0x00ffffff-no-rj,https://www.youtube.com/channel/UCWzXozEkcs8KWuNCDUqurDA,FALSE,FALSE,FALSE
https://www.youtube.com/watch?v=PQ2WjtaPfXU,Ugxakt0r67H7QgDiuM94AaABAg,2 hours ago,1,,Now companies will do presentations in fireship style so people will watch it,@il_coups1,https://yt3.ggpht.com/jbrKXYANbAELbrdRWXTv6xNJSS9F_qvvI_osnsAyJRNtQ2gpKumDzWkO6XXqm65pXvcq_DSixg=s88-c-k-c0x00ffffff-no-rj,https://www.youtube.com/channel/UCX0JV3ME9XOaFZ-6mo1JNYQ,FALSE,FALSE,FALSE
https://www.youtube.com/watch?v=PQ2WjtaPfXU,UgwJU0kDa4RWmFtg29t4AaABAg,5 hours ago,2,,"""I will wait for the fireship video"" how do you get notified man!!",@user-mj2lm5fh1j,https://yt3.ggpht.com/a_3_tYWzZRu6WYz09yB8yhA7ki-w7V2sGFSFtc8no55Cc0Qh_h-4wCeQnoNzvtzYiVFXgx9pZg=s88-c-k-c0x00ffffff-no-rj,https://www.youtube.com/channel/UCAuPuL38DKMu-A-y6BqS2VA,FALSE,FALSE,FALSE
https://www.youtube.com/watch?v=PQ2WjtaPfXU,UgyeoSFIPYzHaAtF0k14AaABAg,2 hours ago,1,,Let me wait for the Fireship video on this.,@ggleouf22,https://yt3.ggpht.com/ytc/AIdro_llx1P3bRD3A-3DgGGxvIfbfYJVDAVJbqiYgknDlOM=s88-c-k-c0x00ffffff-no-rj,https://www.youtube.com/channel/UCHnG0SsRFHY37vSooSr8VyA,FALSE,FALSE,FALSE
https://www.youtube.com/watch?v=PQ2WjtaPfXU,UgzxQp0kpkZvUEkc_354AaABAg,1 hour ago,1,,What we all really need right now is another React Update and a newer Javascript framework.,@963seeker,https://yt3.ggpht.com/0n_fPvfr2tXrOwmW0ADKF-63P7JQ5HvELnrPdm3K_cv8sK57A723ItaDC1k-25WwrcZqP3ju7A=s88-c-k-c0x00ffffff-no-rj,https://www.youtube.com/channel/UCCNyl4H9TA75OTUYbllmcLg,FALSE,FALSE,FALSE
https://www.youtube.com/watch?v=PQ2WjtaPfXU,UgwbQlxeeQplA4KGq3d4AaABAg,1 hour ago,1,,I saw that comment about waiting for the Fireship video. And here I am.,@mykalimba,https://yt3.ggpht.com/ytc/AIdro_ncSJNOv8MXGvzZanGfEIPB3o1FyGKdjnmth0ySXyE=s88-c-k-c0x00ffffff-no-rj,https://www.youtube.com/channel/UCPsOF9gaiCqBPZV__nCJ6Iw,FALSE,FALSE,FALSE
https://www.youtube.com/watch?v=PQ2WjtaPfXU,Ugz5LKHRdy-ztviiZWl4AaABAg,31 minutes ago,1,,Gonna wait for the Fireship video on this one,@pj-wille,https://yt3.ggpht.com/C_FsxSPfrUuWB2trSqikQ0f-kiW3qiVI4ZNEGYnLtP0NaF04PUHTln-GqGvkyTDe3TrKJ4gw=s88-c-k-c0x00ffffff-no-rj,https://www.youtube.com/channel/UCAR_2BUvBUcr1quYu6-kE4w,FALSE,FALSE,FALSE
https://www.youtube.com/watch?v=PQ2WjtaPfXU,UgysJJUH07w1fA23bst4AaABAg,27 minutes ago,1,,I can‚Äôt believe they would kick out fire ship from the MVP program. This is outrageous.,@boneless-yeet-1127,https://yt3.ggpht.com/ospQK7EUuxbueNDEvZleW34UsXdKnB7e9bnKYOXbqH6CD6kzjUnz1BmgJ4gl2E5svdIsZBcN=s88-c-k-c0x00ffffff-no-rj,https://www.youtube.com/channel/UCItok2M6mRhZohV-MtnN7hg,FALSE,FALSE,FALSE
https://www.youtube.com/watch?v=PQ2WjtaPfXU,UgwBZK3Bc_4BTPWG4ed4AaABAg,3 hours ago,1,2,"Microsoft created TypeScript as part of their ""Embrace, Extend, Extinguish"" process. They wanted to ""own"" front-end web development. Fortunately, native JavaScript has improved to the point where we don't need TypeScript.",@StarcoreLabs,https://yt3.ggpht.com/L81PfzZjWiatihrY9Yq9_mg9Xz0WjJG1kOvKI4XKtjd-gEU3o8Uw8-VvIb5rzLt54eF6CppkeQ=s88-c-k-c0x00ffffff-no-rj,https://www.youtube.com/channel/UCsHmf-UVuq3xGBLMezLLBAQ,FALSE,FALSE,FALSE
https://www.youtube.com/watch?v=PQ2WjtaPfXU,UgxGBtSAWijM4Jxa96x4AaABAg,3 hours ago,1,,Anders looks old. I was there in the 90s when he was zooming around Scott's Valley in his Nissan 300zx,@joejazdz,https://yt3.ggpht.com/_VdS_gLSCzpfT5cn2bwO5x2L8tIFu78u8eUti-Cu6LSJJTq_9fW23KNKZsTgqmBL3VO74c6J=s88-c-k-c0x00ffffff-no-rj,https://www.youtube.com/channel/UC2-q2s_2VFb3iaTCSzGe7Sg,FALSE,FALSE,FALSE
https://www.youtube.com/watch?v=PQ2WjtaPfXU,Ugz7ABBYnaYk2I3CLQV4AaABAg,4 hours ago,1,,let me wait for the fireship video,@dj_adrivoe,https://yt3.ggpht.com/ZPYUEVWbSDU7s9cjWLkoVDDPDlAEs-h_LNY1FioOdj3jF3w08LkLTgpq8C2iBWoZypJjGeWi=s88-c-k-c0x00ffffff-no-rj,https://www.youtube.com/channel/UCZNpdB41bch7NhXhhim-nwA,FALSE,FALSE,FALSE
https://www.youtube.com/watch?v=PQ2WjtaPfXU,UgwCfPV6hmMtBRbPryh4AaABAg,4 hours ago,3,,"I'm glad that TS can see the law of effective programming. Everything worth writing will be written in JavaScript, everything worth maintaining will be written in TypeScript, everything that has survived all possible non-technical requests will be written in Go, and everything that needs to be done perfectly as it is known to be done will be written in C. TS's compiler is just at that age now.",@Zayelion,https://yt3.ggpht.com/ytc/AIdro_ns6Xj-SzfRXuXAjf1B54QQEv25ETIo8-P0IW_1Gxg=s88-c-k-c0x00ffffff-no-rj,https://www.youtube.com/channel/UCppCc4Ucq1qtj4o7MhBNetg,FALSE,FALSE,FALSE
https://www.youtube.com/watch?v=PQ2WjtaPfXU,UgwKAXzdarS9lUfb4Nh4AaABAg,3 hours ago,2,,"Of course it is being rewritten, no backdoors.",@noanyobiseniss7462,https://yt3.ggpht.com/ytc/AIdro_leUKz5h3gaGqZBU296IBrBMBnw0PZwreLYAN5WlIRha5U=s88-c-k-c0x00ffffff-no-rj,https://www.youtube.com/channel/UCl6KviPengjeS9M370NDqMg,FALSE,FALSE,FALSE
https://www.youtube.com/watch?v=PQ2WjtaPfXU,UgwFq4cObqPZT3kaNol4AaABAg,3 hours ago,2,,Sweet. Now my <any> will error even quicker!,@NathanBudd,https://yt3.ggpht.com/ytc/AIdro_njO23DnI1pdIth2TSWWCdBzFjSeGjUsfO9Muq5mCCIJjEs=s88-c-k-c0x00ffffff-no-rj,https://www.youtube.com/channel/UClF9y2TMm0zZEEKGeWkNbPg,FALSE,FALSE,FALSE
https://www.youtube.com/watch?v=PQ2WjtaPfXU,Ugw5Ur6EEXG7K0pfX0p4AaABAg,4 hours ago,2,,"Microsoft got to fireship somehow, there's no way he would recommend people to not watch his videos...",@coleabbott3432,https://yt3.ggpht.com/ytc/AIdro_khxO8W2sKBbndks9Rt9FXUGUt6mk8SXN-odgS0Fv89hA0=s88-c-k-c0x00ffffff-no-rj,https://www.youtube.com/channel/UC5liM1J3GC4uvZP0HYp-74g,FALSE,FALSE,FALSE
https://www.youtube.com/watch?v=PQ2WjtaPfXU,UgxAI_KaL7Mahkge_x14AaABAg,4 hours ago,1,,My typed brain is happy to finally see TS become its own entity instead of a bastard stepchild who wears a bandaid for a cape.,@ragtop63,https://yt3.ggpht.com/ytc/AIdro_kEbLkyK5QOAjh63Q0ahD22Cw1RQSLp65XFqD-deIAVlQ=s88-c-k-c0x00ffffff-no-rj,https://www.youtube.com/channel/UCZlS8A9qeL_yAtja-WKVkHg,FALSE,FALSE,FALSE
https://www.youtube.com/watch?v=PQ2WjtaPfXU,UgyYb_wojpFFIhGyANh4AaABAg,5 hours ago,1,,I was just waiting for fireship to explain the situation...And here it is...,@TheFourthPrince,https://yt3.ggpht.com/K6akus7bYTH3bo_GTbA85vfWqaRd853HVF1X4g8IYN5kYAMGvnweInPPnGgv2h-lBlsWpDXw=s88-c-k-c0x00ffffff-no-rj,https://www.youtube.com/channel/UCzmXeBLINP4Gt6O9Y2d26Fg,FALSE,FALSE,FALSE
https://www.youtube.com/watch?v=PQ2WjtaPfXU,Ugz5Q5ZCRyIMHCWB2Dp4AaABAg,29 minutes ago,1,,Waiting for the Fireship video to come out on this one,@DarkSlimeSera,https://yt3.ggpht.com/mB5zuAwxp2RbTpFe5RBC_6vPoo1kqMAubOYXjrSLjzPgl3u0AzPhIYl3KyRN7RSnv76GkxN_EZ8=s88-c-k-c0x00ffffff-no-rj,https://www.youtube.com/channel/UCk_ww-1F_nrKe9BQ1f4f5Ew,FALSE,FALSE,FALSE
https://www.youtube.com/watch?v=PQ2WjtaPfXU,UgzzlLB6pgP3hed8LC14AaABAg,4 hours ago,2,,"This channel has not talked about AI for [1] day(s).

Our record is [1] days.",@pesterenan,https://yt3.ggpht.com/ytc/AIdro_mvYpLKWb7xp-VUX7GlezVU_zivv7DTj6eb4T0ZJ7sh6wM=s88-c-k-c0x00ffffff-no-rj,https://www.youtube.com/channel/UCZcbSU8j_teN-oIyt3urarA,FALSE,FALSE,FALSE
https://www.youtube.com/watch?v=PQ2WjtaPfXU,Ugw7slj0xrsOtGROpZR4AaABAg,2 hours ago,1,,"2:30 hell yeah, PhotonicInduction",@Dents6679,https://yt3.ggpht.com/ytc/AIdro_led1dc4VHEwtkOCFZdv9lHgNXwaXUQk3m9DJf1TzwRxhA=s88-c-k-c0x00ffffff-no-rj,https://www.youtube.com/channel/UCZLZWqP4LwN26kUpp5asNKA,FALSE,FALSE,FALSE
https://www.youtube.com/watch?v=PQ2WjtaPfXU,UgxiJWup6CcPCvXRhzF4AaABAg,4 hours ago,2,,The amount of meme this guy has is crazy,@vincent0231,https://yt3.ggpht.com/ytc/AIdro_mNlcYIWoYqgMAmFAfWUfY2sVlYQ3pW4HTqT7aHdCk=s88-c-k-c0x00ffffff-no-rj,https://www.youtube.com/channel/UCQ5CWn8iV-g3sXNY2RJS5Iw,FALSE,FALSE,FALSE
https://www.youtube.com/watch?v=PQ2WjtaPfXU,UgwGhTsmfzdrCqHHJld4AaABAg,2 hours ago (edited),1,,"I hope they'll also port tsserver, so it won't crash anymore due to a memory leak every 5 minutes",@perguto,https://yt3.ggpht.com/-glK-ERTDVs7-ulP3WCl3C5orbaqkzCUzat5jMlNmg994mOlHs-X2hh4-GeURO7hsf7BJe5i=s88-c-k-c0x00ffffff-no-rj,https://www.youtube.com/channel/UCOZ-HDQMI2oYCTVa1aVwbtA,FALSE,FALSE,FALSE
https://www.youtube.com/watch?v=PQ2WjtaPfXU,Ugw7jhy0o3q3EHO-7Zd4AaABAg,4 hours ago,1,,I started go in 2018 and never stopped loving it from then,@visreys,https://yt3.ggpht.com/ytc/AIdro_n6KOmiK6phn_QX-cG4KZKLhCMR2jSbs1vYj7Mg4vktLA=s88-c-k-c0x00ffffff-no-rj,https://www.youtube.com/channel/UCNMZgxK5gjS6Y_26HJpcKyQ,FALSE,FALSE,FALSE
https://www.youtube.com/watch?v=PQ2WjtaPfXU,UgwMczYehyTIlfJIeep4AaABAg,4 hours ago,1,,I can't wait for the fireship video on this fireship video.,@lxyacht,https://yt3.ggpht.com/QUo9yJQ8WQazFbunRKQjkkSubnY50BQja5r_0435e7XmmvemYNwX1H0vINXPH05RXxAkG0KX=s88-c-k-c0x00ffffff-no-rj,https://www.youtube.com/channel/UCd7_aPZIGQPtjE5AB0Ut0Lg,FALSE,FALSE,FALSE
https://www.youtube.com/watch?v=PQ2WjtaPfXU,UgyhYuGMzXqKdTFj8394AaABAg,3 hours ago (edited),1,,This will make every TS developer a 10x dev basically.,@orlovskyyyy,https://yt3.ggpht.com/GoLiKiScvwbGPTyqjzeL88twvXFTp05REuXwIvp3Dp3HI3cPDA8_evU44l0lD9Xtgih2l_0tRQ=s88-c-k-c0x00ffffff-no-rj,https://www.youtube.com/channel/UCHp80_iS6G4_4xQMWk_b44A,FALSE,FALSE,FALSE
https://www.youtube.com/watch?v=PQ2WjtaPfXU,UgyLiGQxwB3bMu1RNbV4AaABAg,5 hours ago,2,,"The question now remains, will it run DOOM faster? ü§î",@alexanderfurre8075,https://yt3.ggpht.com/ytc/AIdro_lSlWt-ounlGWlJE8-l9FcoInpQIJ-IzIMSnul-jSFWDrQ=s88-c-k-c0x00ffffff-no-rj,https://www.youtube.com/channel/UCtMhGaFT2g3mIW4gXnBacMA,FALSE,FALSE,FALSE
https://www.youtube.com/watch?v=PQ2WjtaPfXU,UgxgnXNeTFCEV3cOnnt4AaABAg,4 hours ago,1,,look garry there i am! 0:27,@NekoThaky,https://yt3.ggpht.com/ytc/AIdro_l4MEvbkoDeIYnfBEd2zyz-JB-Gr_9CafAL2c_W8ZMdFoRt=s88-c-k-c0x00ffffff-no-rj,https://www.youtube.com/channel/UCumhPveQhWn3snByED53XxQ,FALSE,FALSE,FALSE
https://www.youtube.com/watch?v=PQ2WjtaPfXU,UgwbDIpwE5B9414eJ2t4AaABAg,4 hours ago,3,,üíÄ That Melkey pic,@dezlymacauley,https://yt3.ggpht.com/kXxCQ25z6Y1mY87-adTwqlDEI1-CwoyJTR_ReOH4zSDHk0aCR9hi0SyOACWQQmgRWFVh312q=s88-c-k-c0x00ffffff-no-rj,https://www.youtube.com/channel/UCPw_Vs--lQx2ZlxvPvCok4A,FALSE,FALSE,FALSE
https://www.youtube.com/watch?v=PQ2WjtaPfXU,Ugww35PWnWOQmFJNMYV4AaABAg,4 hours ago,1,,"all of my compiler errors will still happen just 10x faster, wow",@mustafaahmed174,https://yt3.ggpht.com/ytc/AIdro_n8INMh4BFMfJ4ikxZT6SBxgDAKwVotBxzLlPAPW3RJnw=s88-c-k-c0x00ffffff-no-rj,https://www.youtube.com/channel/UCTw-7Z-nQg81SI7uhE8UlGQ,FALSE,FALSE,FALSE
https://www.youtube.com/watch?v=PQ2WjtaPfXU,UgwQHTem2l-j44e1C0B4AaABAg,1 hour ago,1,,Ow God... I really really really hate the JavaScript eco system right now... thank you for telling me all the codes I have already written in typescript will eventually break,@nanaassumadu4997,https://yt3.ggpht.com/ytc/AIdro_lSSc_if93gGOjuTkXsILeO7MruwkC18DuZdwrI2Wk=s88-c-k-c0x00ffffff-no-rj,https://www.youtube.com/channel/UCIzrtSaRHQd6SZ2HciblkyA,FALSE,FALSE,FALSE
https://www.youtube.com/watch?v=PQ2WjtaPfXU,UgwBTPwHY0-zurEUz0R4AaABAg,4 hours ago,1,,That doom port just got waaaay faster,@lbati,https://yt3.ggpht.com/ytc/AIdro_lVbADABuU29MCeiYQoPkmpPIIcnIrTbJQXBl4CDRufk9U=s88-c-k-c0x00ffffff-no-rj,https://www.youtube.com/channel/UCOBO6jfJPoBRmL8m5tCRa7w,FALSE,FALSE,FALSE
https://www.youtube.com/watch?v=PQ2WjtaPfXU,Ugyc1UzjkrtYbBaMVil4AaABAg,5 hours ago,1,,Here it is! As prophesied in past comment sections! üôè,@AndersonNSilva-mw7kl,https://yt3.ggpht.com/ytc/AIdro_lnuuKRWxkmnGrYrCTAwY20sSCBQo_9erNYx7D2-peOHec=s88-c-k-c0x00ffffff-no-rj,https://www.youtube.com/channel/UC49r7LbJm8Gyey39HOKBWVw,FALSE,FALSE,FALSE
https://www.youtube.com/watch?v=PQ2WjtaPfXU,Ugx1nhwulyQuFkQGVet4AaABAg,3 hours ago,1,,I think I'll wait for the Fireship video about this Fireship video.,@TheCanon66,https://yt3.ggpht.com/ytc/AIdro_l_oj5xS_9e3DQS20-VJfjnBFY2W5YaJHfLq1wPB8oscOw=s88-c-k-c0x00ffffff-no-rj,https://www.youtube.com/channel/UCnSgVz7iuEUuGmdU0nFQb7A,FALSE,FALSE,FALSE
https://www.youtube.com/watch?v=PQ2WjtaPfXU,UgzUhgM5G3Isfx138UF4AaABAg,4 hours ago (edited),1,,"Wow, Sentry sponsorship is crazy üòÇ",@123Den4ik123,https://yt3.ggpht.com/ytc/AIdro_mDLsj_7P8pOryd7QHTRPFifzzhylVeh1xB4qs-VUHNAg=s88-c-k-c0x00ffffff-no-rj,https://www.youtube.com/channel/UCyZ7lS5l-wNUuPv6tjOegJA,FALSE,FALSE,FALSE
https://www.youtube.com/watch?v=PQ2WjtaPfXU,UgyZjp8l9f4e-INdPtl4AaABAg,4 hours ago,1,,Let me wait for the Beyond Fireship video,@jonathanperis3600,https://yt3.ggpht.com/ytc/AIdro_nZmTbVNA1dOqrRA8y-ExyrVJx7vBzl9LzR48EiIyV220E=s88-c-k-c0x00ffffff-no-rj,https://www.youtube.com/channel/UCOnuezXw9yCH7Y1j_ba7Hqw,FALSE,FALSE,FALSE
https://www.youtube.com/watch?v=PQ2WjtaPfXU,Ugypgyfx3OPuLKF7sGh4AaABAg,9 minutes ago,1,,"Leaning now programming with C#, feels amazing language to me.‚ù§",@jsysnd,https://yt3.ggpht.com/dje7NsNViQTUIwhKt4Tm1l_YrpXFC9c-qtunMexgBTXml4-N0QaUhv_OKIydJDnIUlq3q1qo=s88-c-k-c0x00ffffff-no-rj,https://www.youtube.com/channel/UCH-GfMLp8Pc_E0EjMbmY2Tw,FALSE,FALSE,FALSE
https://www.youtube.com/watch?v=PQ2WjtaPfXU,Ugw7HlIxRonANHKiK-V4AaABAg,5 hours ago,1,,The video we've been waiting for since Microsoft announced the news!,@soumyajitdey5720,https://yt3.ggpht.com/ytc/AIdro_lR-kUHWqqkyPHprTX4owFiBWRLQyt1fNYEywSI6l1bhzE=s88-c-k-c0x00ffffff-no-rj,https://www.youtube.com/channel/UC21H5CeVQXUTLxpdIMfCsQw,FALSE,FALSE,FALSE
https://www.youtube.com/watch?v=PQ2WjtaPfXU,Ugw9gcdd237U6HruHLx4AaABAg,1 hour ago,1,,Wish there was C# for front end,@spider853,https://yt3.ggpht.com/ytc/AIdro_ku-sr5JxYtP9Opc9JyeER85oFGvqQkZZD4qWNgBrkQKw=s88-c-k-c0x00ffffff-no-rj,https://www.youtube.com/channel/UCcYzWDLAZ5YXvQ4Jc3_-o9g,FALSE,FALSE,FALSE
https://www.youtube.com/watch?v=PQ2WjtaPfXU,UgxASJ6XCYyc96fGrmZ4AaABAg,2 hours ago,1,,"Happy to hear I'll get all those long and cryptic errors but just faster üòÖ
I would have missed them.",@rammrras9683,https://yt3.ggpht.com/ytc/AIdro_ltDg2rtYy4TkpgVWbtcbKaXH6awNq5vrFdkIbJG-dEWA=s88-c-k-c0x00ffffff-no-rj,https://www.youtube.com/channel/UCUSeCEDSwdP_zkIABZvcYSQ,FALSE,FALSE,FALSE
https://www.youtube.com/watch?v=PQ2WjtaPfXU,UgyDOyYjFpn1WLx78YF4AaABAg,3 hours ago,2,1,"So, Typescript is so slow.. oh but you should definitely use typescript for your other projects..",@kalisticmodiani2613,https://yt3.ggpht.com/ytc/AIdro_mKuQUdW-PvHZmqyA60x8JfHLZtjvMz701qrRFgIw4=s88-c-k-c0x00ffffff-no-rj,https://www.youtube.com/channel/UCQl7lMAr22mCS-emYGsFb0Q,FALSE,FALSE,FALSE
https://www.youtube.com/watch?v=PQ2WjtaPfXU,Ugyao83WuD2GMd5AJYt4AaABAg,4 hours ago,2,,It's obvious why they did it: For doom.,@LpMitKm,https://yt3.ggpht.com/ytc/AIdro_knAX0DCeTcm5OWhhV1eyYQIxY4k083E27tGgRXf4l6MA=s88-c-k-c0x00ffffff-no-rj,https://www.youtube.com/channel/UCJ7s1nvcCBkVQ_dmCOKKTyA,FALSE,FALSE,FALSE
https://www.youtube.com/watch?v=PQ2WjtaPfXU,Ugywj5S32knzLg5j3UZ4AaABAg,3 hours ago,1,,"Saw the video earlier today, but waited for fireship to talk about it üòÇ",@emmanuelevberin4346,https://yt3.ggpht.com/8eSmDKeRivp3jZmgtJ92EQsNh7QwFZZfblgzo128-jHioEjefdSw3gUX79LBf8c5yNUXlHwu=s88-c-k-c0x00ffffff-no-rj,https://www.youtube.com/channel/UCiBGI8C3eLNN4rx2069maDA,FALSE,FALSE,FALSE
https://www.youtube.com/watch?v=PQ2WjtaPfXU,UgwGiJ0jZSxM56oFVSN4AaABAg,4 hours ago (edited),1,,"I'll really like for the creators of go and rust to make something beautiful. Go is just the best at ""API""... they really know what to expose... how to design... how to keep that code new forever.... if we can just get the rust memory model, then I don't need anymore.",@vaster1142,https://yt3.ggpht.com/ytc/AIdro_kjpmrqcoESb9fV9yFWDI2rmfdUELmDh8qB_XhKa2DRy1Yq_Mj9juv2Fgsj_Wy_m29VUw=s88-c-k-c0x00ffffff-no-rj,https://www.youtube.com/channel/UCFD_RstXsMUEhIn5ihQ7aqQ,FALSE,FALSE,FALSE
https://www.youtube.com/watch?v=PQ2WjtaPfXU,Ugyiwxei4MeX3EpAwzx4AaABAg,2 hours ago,1,,0:41 - Was that melkey lmao,@TheRealStevenPolley,https://yt3.ggpht.com/ZpusXzGAQAu2uwKV3lw2D-USGwT9pJy2IZY85Vwz1jLbRkvi4wJsqabVKWdp1CpOu1gMTnNmEg=s88-c-k-c0x00ffffff-no-rj,https://www.youtube.com/channel/UCjjonV0Yz0WWxNjWUSMqeVg,FALSE,FALSE,FALSE
https://www.youtube.com/watch?v=PQ2WjtaPfXU,Ugy6yYCNntkbOM1eYXt4AaABAg,3 hours ago,1,,I miss the days of yolo JavaScript. Launching an application that could at any moment self destruct. F U typescript. You took the fun out of it.,@johnodev2732,https://yt3.ggpht.com/WUjoI4XEPb1xxxVU-M-ky4InWFgGxIXuqS5l2xD-oItEdOQ_gkkufCpesIQ6Ms5Es4BuaxBBAw=s88-c-k-c0x00ffffff-no-rj,https://www.youtube.com/channel/UCEgIvyvDhXuHifd7uNr35Vg,FALSE,FALSE,FALSE
https://www.youtube.com/watch?v=PQ2WjtaPfXU,Ugwb8tCdiIkJiWkhH6J4AaABAg,2 hours ago,1,,"This has so many more implications... Think of tooling like esbuild, or bundlers like rspack and whatnot. Since one part of the tooling is in Go, some developers might take this as ""a signal"" to port other tools to Go as well.
That might have a ripple effect that could leave a lasting impact. Could - I am just speculating.
But just imagine native ports of TailwindCSS and the React compiler, while using esbuild.",@IngwiePhoenix_nb,https://yt3.ggpht.com/ytc/AIdro_lNHrKZ9D7lAMMawzQqaPfy0fpVz287UKnLVHsfKELVvb4=s88-c-k-c0x00ffffff-no-rj,https://www.youtube.com/channel/UCoHBe-J1aPcD1lEpH4C6Zvw,FALSE,FALSE,FALSE
https://www.youtube.com/watch?v=PQ2WjtaPfXU,UgxZR3jaMVIYO-9S9n94AaABAg,2 hours ago,1,,"Big W for Go
Go is the best language for this : because it's KISS",@nicejungle,https://yt3.ggpht.com/ytc/AIdro_l-HC2S3xSKz0ad8VXCt3ODSefyDztXsg9Lrei5DddqQg=s88-c-k-c0x00ffffff-no-rj,https://www.youtube.com/channel/UCEOCK3vNR-WPGA5ZKGCvu-Q,FALSE,FALSE,FALSE
https://www.youtube.com/watch?v=PQ2WjtaPfXU,UgyWXubS8UpPLTsizdp4AaABAg,2 hours ago,1,,we got a revamped typescript collaboration with ms and google before gta 6,@santhmm,https://yt3.ggpht.com/QDhFiXNICCgcsJ8Fu3tUoP5r1lOqscT0rPlx0FVxykyY6k4AJNhgKHIgthCRYB9Eu0YlrTJDEQ=s88-c-k-c0x00ffffff-no-rj,https://www.youtube.com/channel/UCps2bqwawnROtI6eWL38UQQ,FALSE,FALSE,FALSE
https://www.youtube.com/watch?v=PQ2WjtaPfXU,UgzlDb8d3JntHPx3VF94AaABAg,4 hours ago,1,,They felt sorry for the guy that made Doom in Typescript üòÇ,@TRMrStone,https://yt3.ggpht.com/ytc/AIdro_k8yeQaCYXMsk-JG0vLmVAue5X_cSv2XwHbT9IWp-RUtVQ=s88-c-k-c0x00ffffff-no-rj,https://www.youtube.com/channel/UCNDgl8m8DQqZEZLRsKqwjCQ,FALSE,FALSE,FALSE
https://www.youtube.com/watch?v=PQ2WjtaPfXU,UgxAjjdkx3pYnnT_Fwh4AaABAg,4 hours ago,1,,"‚ù§‚ù§‚ù§
without fireship no news of techüòÇüòÇüòÇ",@rakshitpatel9664,https://yt3.ggpht.com/ytc/AIdro_mIl-W2T1u-mRBTjtafLFdM6ef1eqjM5b7FkELtrYAuPqd9=s88-c-k-c0x00ffffff-no-rj,https://www.youtube.com/channel/UCZz5z-6fhy2FK0gN0bDKT5w,FALSE,FALSE,FALSE
https://www.youtube.com/watch?v=PQ2WjtaPfXU,Ugw-3C0qkvIkKEAcAsl4AaABAg,1 hour ago,1,,"Minor correction:  TypeScript ""compiler"".  Forgot the quotes.",@paxsevenfour,https://yt3.ggpht.com/_-icgSSfqj_exVBV7Q7i_tQaiU9NjzEIwbKZeb76jmcNMQcxwhka9p4krzsLIKvm1dGlR7-XR0I=s88-c-k-c0x00ffffff-no-rj,https://www.youtube.com/channel/UCOGduz_oJq17ig2ZCMpewvA,FALSE,FALSE,FALSE
https://www.youtube.com/watch?v=PQ2WjtaPfXU,UgywpoonEFXw1wnMxrh4AaABAg,4 hours ago,1,,2:15 Don't tease me like that,@mikhailbellotto3373,https://yt3.ggpht.com/ytc/AIdro_kRNi_9XdS9xPMazC7XJ0NG8HzqGCRzokPuuKQcdnZ4B6E=s88-c-k-c0x00ffffff-no-rj,https://www.youtube.com/channel/UC9vpb0m379dFpYYqhLzWOBA,FALSE,FALSE,FALSE
https://www.youtube.com/watch?v=PQ2WjtaPfXU,UgyKoIuRmoB7aN6RwQ94AaABAg,3 hours ago,1,,"3:21 unlike rust, zig is actually very nice, and doesn't scale exponentially in complexity (unlike rist)

But it's definitely not even remotely a good choise for such a massive project. Just the fact alone it doesn't have gc, makes it unviable for ts, but also, zig is waaaay to far from ts way of programming (zig doesn't even have interfaces of traits, for example)",@no_name4796,https://yt3.ggpht.com/ytc/AIdro_nk7u8MYlNs01556PZqcP-m6jXkOaY4u-Aq75CQ3CU=s88-c-k-c0x00ffffff-no-rj,https://www.youtube.com/channel/UC7cyY9IB5nXSww8oK4Pakaw,FALSE,FALSE,FALSE
https://www.youtube.com/watch?v=PQ2WjtaPfXU,UgzAzkmtSRK7mNitUb94AaABAg,4 hours ago,1,,hey wake up ! Fireship just dropped another banger!,@Idrissmith786,https://yt3.ggpht.com/FGF8FU5LiTYJJNTicv-28NlxgE6GSkynMCvFFCxNg-hS4nWtEfrN3Tr2jmxJxB4mD-V01WVD=s88-c-k-c0x00ffffff-no-rj,https://www.youtube.com/channel/UCenn0OZBsllU1rPQOHgypeg,FALSE,FALSE,FALSE
https://www.youtube.com/watch?v=PQ2WjtaPfXU,UgwOUtArtEqnUcs-eR54AaABAg,5 hours ago,1,,I purposely did not receive this news until Fireship reported it,@charmisyoung,https://yt3.ggpht.com/ytc/AIdro_nwo0aoxiDHG3qvnSwxu6Yh63hpL-0Ch6aDAfHbCF86DRM=s88-c-k-c0x00ffffff-no-rj,https://www.youtube.com/channel/UCxWIKYJYSOSAu3L5CA1zcwQ,FALSE,FALSE,FALSE
https://www.youtube.com/watch?v=PQ2WjtaPfXU,UgwDAntHHKVjgeflOap4AaABAg,5 hours ago,1,,Gonna wait for the new Fireship video on this Fireship video.,@jokya,https://yt3.ggpht.com/HtXD2FrNz6s4d_JGW8hx1RPvjLUSHA0Auke5U0Bst-4aZdLm_mX9yfuwmH6UyOa4w-k4rEHojw=s88-c-k-c0x00ffffff-no-rj,https://www.youtube.com/channel/UCYzhFjCiH9uwCm25Hmybvew,FALSE,FALSE,FALSE
https://www.youtube.com/watch?v=PQ2WjtaPfXU,UgwQbFn4uhnu3IQIWgJ4AaABAg,2 hours ago,1,,So many fireship videos... eating good this week,@lassejrgen3196,https://yt3.ggpht.com/ytc/AIdro_kwY0FcQXURSZFypx6LYRIIT7JU4NIwWvTuTRF8UEo=s88-c-k-c0x00ffffff-no-rj,https://www.youtube.com/channel/UCJgvZe15oN2wzVATM8mPnsA,FALSE,FALSE,FALSE
https://www.youtube.com/watch?v=PQ2WjtaPfXU,Ugy8nCFF0V3E9nB0ED14AaABAg,2 hours ago,1,,0:54 Latter Day Saint approved üëç,@LatterDay-Soldier,https://yt3.ggpht.com/1lGRIQr5G2zFZTmrSQCRWDvtu5r86CCC5Pla4Xr6IViikbS3COY8MJ7S6OGD2HTBtslBhpJl4Q=s88-c-k-c0x00ffffff-no-rj,https://www.youtube.com/channel/UCndPZAsU1WUDTT3Y6iYQu9A,FALSE,FALSE,FALSE
https://www.youtube.com/watch?v=PQ2WjtaPfXU,UgwuASDNNnQpQwmobvF4AaABAg,3 hours ago,1,1,What if we placed go in the browser and delete js/ts instead?,@aldanasjuan,https://yt3.ggpht.com/ytc/AIdro_kfStqPH253shQBFUIbLUAPMK_W-j489IoFlxJZCT5htOI=s88-c-k-c0x00ffffff-no-rj,https://www.youtube.com/channel/UCup9W5Wp_jolRWFSQclcqXQ,FALSE,FALSE,FALSE
https://www.youtube.com/watch?v=PQ2WjtaPfXU,UgzIzxHU6KgSUxRu2cN4AaABAg,4 hours ago,1,,Microsoft went with Go because it gave the best results and required the least amount of work. They couldn't care less what languages we use as long as we deploy our projects on Azure.,@benderbg,https://yt3.ggpht.com/ytc/AIdro_kGqsGUglFHGCiyHQon4KrS1lM3s-jb6Zljv9VhFsLq2A=s88-c-k-c0x00ffffff-no-rj,https://www.youtube.com/channel/UCAD3Tg1Q4RD0pGfPNx0mHDA,FALSE,FALSE,FALSE
https://www.youtube.com/watch?v=PQ2WjtaPfXU,UgwnxXDFej7mPRsUc0x4AaABAg,38 minutes ago,1,,"""i aint finna play u like that"" ü§£ü§£",@jinny7303,https://yt3.ggpht.com/ytc/AIdro_mAabvXGrD-CWUHl5_GwwjwmUquhrqGn14bPypIp_8=s88-c-k-c0x00ffffff-no-rj,https://www.youtube.com/channel/UC5Lf_YjF4ZECNaXYaP5XTDA,FALSE,FALSE,FALSE
https://www.youtube.com/watch?v=PQ2WjtaPfXU,UgyoAAdGXr24Iecl5WZ4AaABAg,5 hours ago,2,,Just watched the announcement video lol,@georgyzhukov4269,https://yt3.ggpht.com/e7j2BT_NpLKuosm_UXiL7Wuxoh4VKpWawy_MBj6pluaQDXlXbmK9eyV0DaqZwlt-FUeDOdHxLbc=s88-c-k-c0x00ffffff-no-rj,https://www.youtube.com/channel/UClf__Ybh1Q6Xiuk6wGacytw,FALSE,FALSE,FALSE
https://www.youtube.com/watch?v=PQ2WjtaPfXU,UgzwkQTAff9HA74rdRp4AaABAg,4 hours ago,2,,I'm waiting for the fireship video,@Michael-yq4nz,https://yt3.ggpht.com/ytc/AIdro_l_mE-WSc6mYpb2SLXHA_OmL2R-JsukjUsCCPtloJ9YHjE=s88-c-k-c0x00ffffff-no-rj,https://www.youtube.com/channel/UCz1N5ZCMRjqnzWRRQDNkQ7g,FALSE,FALSE,FALSE
https://www.youtube.com/watch?v=PQ2WjtaPfXU,UgwwH7KbnMwkGK9V-V54AaABAg,4 hours ago,1,2,"I'm confused. TS compiles to JS, how big is that compiler and why is it slow? The first optimisation step would've been to write the TS compiler in the target language (JS). If you need something faster than JS for the compiler, why would anybody ever want to generate JS as the target language in the first place?
Mind you, I've actively avoided TS because I don't want compilation steps in my interpreted language, so I'm pretty damn stupid.",@PaulSpades,https://yt3.ggpht.com/ytc/AIdro_lTSQAMmgkG6PJg30WvmfdTTF-UK__CTY94FPdhw_iPmb7R=s88-c-k-c0x00ffffff-no-rj,https://www.youtube.com/channel/UCaKlcjsXlu_9Jp75tAX7cyw,FALSE,FALSE,FALSE
https://www.youtube.com/watch?v=PQ2WjtaPfXU,Ugyp50_B7uGvQntVaBV4AaABAg,3 hours ago,1,,i do love go. started it and it is vvery fast to work with. Used it to import huge amounts of csv rows into elasticsearch on mutliple threads. Typescript getting faster is  a nice sidefffect. but i only use it for type checks and build with no ts cehck since there always some not understandable random errors,@oskar1504,https://yt3.ggpht.com/ytc/AIdro_kNCjgL4xV8UJWw8VRF_PHXWhH1kgVl__XJNOnbGN5qxA=s88-c-k-c0x00ffffff-no-rj,https://www.youtube.com/channel/UCWxgA086j9Qd6LRKFvSo5wQ,FALSE,FALSE,FALSE
https://www.youtube.com/watch?v=PQ2WjtaPfXU,UgyYJdulCeRptgI2I7d4AaABAg,3 hours ago,1,,"Yeah, I'm the most excited to reduce vscode type error handling. I load a file and sometimes it takes almost 2 seconds to see my red squiggly errors to re-appear. Its not a great experience.",@DamonMedekMusic,https://yt3.ggpht.com/AO0DSJ5ayZl0Z4MRCFh6LST3grAbD6Yo0XuGV5GagTkxCvN0zzAG24VbQwcyk53edsSWnCPjAg=s88-c-k-c0x00ffffff-no-rj,https://www.youtube.com/channel/UCSv6CbdlrgBAzCULkaj3Lmw,FALSE,FALSE,FALSE
https://www.youtube.com/watch?v=PQ2WjtaPfXU,Ugyk8Xew4USy5RI6VVN4AaABAg,5 hours ago,1,,All I care as python webdev with plain js in frontend is a faster vscode. thank you MSFT and Fireship.,@yomajo,https://yt3.ggpht.com/ytc/AIdro_nDAjVbqyGNDNULr5crIZeMvVAD5yMGdVxbyeLh53Wa71A=s88-c-k-c0x00ffffff-no-rj,https://www.youtube.com/channel/UCpF7d7Y_ELMZ-E1-V3sHSBQ,FALSE,FALSE,FALSE
